aika_utc,nettotuonti_MW,fi_ee_MW,pohjoinen_tuonti_MW
2025-12-01 00:00:00+00:00,-176.9,1018.2,841.3
2025-12-01 01:00:00+00:00,-394.7,959.7,565.1
2025-12-01 02:00:00+00:00,-778.3,956.8,178.5
2025-12-01 03:00:00+00:00,-636.9,978.8,341.9
2025-12-01 04:00:00+00:00,-501.0,1023.0,522.0
2025-12-01 05:00:00+00:00,-664.9,1030.6,365.6
2025-12-01 06:00:00+00:00,-806.8,1030.7,223.9
2025-12-01 07:00:00+00:00,-1123.2,1019.1,-104.1
2025-12-01 08:00:00+00:00,-1073.7,1029.7,-44.0
2025-12-01 09:00:00+00:00,-810.6,1030.5,220.0
2025-12-01 10:00:00+00:00,-615.7,1029.9,414.3
2025-12-01 11:00:00+00:00,-455.9,1024.7,568.7
2025-12-01 12:00:00+00:00,-423.7,1026.9,603.1
2025-12-01 13:00:00+00:00,-382.3,1027.2,644.9
2025-12-01 14:00:00+00:00,-433.1,1013.7,580.6
2025-12-01 15:00:00+00:00,-637.2,1028.6,391.3
2025-12-01 16:00:00+00:00,-243.9,1026.2,782.3
2025-12-01 17:00:00+00:00,63.9,988.1,1051.9
2025-12-01 18:00:00+00:00,303.5,975.3,1278.8
2025-12-01 19:00:00+00:00,480.5,1017.5,1497.9
2025-12-01 20:00:00+00:00,871.7,943.9,1815.6
2025-12-01 21:00:00+00:00,1266.4,960.0,2226.4
2025-12-01 22:00:00+00:00,1359.3,992.7,2352.0
2025-12-01 23:00:00+00:00,1311.6,980.0,2291.6
2025-12-02 00:00:00+00:00,1154.5,1030.7,2185.2
2025-12-02 01:00:00+00:00,1078.7,1030.5,2109.2
2025-12-02 02:00:00+00:00,1290.2,1030.6,2320.8
2025-12-02 03:00:00+00:00,1170.0,1030.5,2200.5
2025-12-02 04:00:00+00:00,1188.4,1030.4,2218.9
2025-12-02 05:00:00+00:00,1158.9,1028.2,2187.1
2025-12-02 06:00:00+00:00,750.9,1030.5,1781.5
2025-12-02 07:00:00+00:00,610.7,1030.7,1641.3
2025-12-02 08:00:00+00:00,646.6,1030.9,1677.6
2025-12-02 09:00:00+00:00,409.4,1030.2,1439.6
2025-12-02 10:00:00+00:00,317.6,1029.6,1347.3
2025-12-02 11:00:00+00:00,179.7,1014.6,1194.3
2025-12-02 12:00:00+00:00,-313.9,1030.3,716.5
2025-12-02 13:00:00+00:00,-116.6,1029.9,913.3
2025-12-02 14:00:00+00:00,-459.5,1030.6,571.1
2025-12-02 15:00:00+00:00,-828.9,1028.1,199.2
2025-12-02 16:00:00+00:00,-953.9,1030.6,76.8
2025-12-02 17:00:00+00:00,-1251.9,1025.3,-226.6
2025-12-02 18:00:00+00:00,-1437.8,1017.3,-420.4
2025-12-02 19:00:00+00:00,-1651.6,1031.0,-620.6
2025-12-02 20:00:00+00:00,-1663.3,1024.7,-638.6
2025-12-02 21:00:00+00:00,-1869.0,1029.7,-839.3
2025-12-02 22:00:00+00:00,-1877.6,1025.8,-851.8
2025-12-02 23:00:00+00:00,-2383.8,1027.0,-1356.8
2025-12-03 00:00:00+00:00,-2454.1,1011.1,-1442.9
2025-12-03 01:00:00+00:00,-2341.2,1022.2,-1319.0
2025-12-03 02:00:00+00:00,-2374.0,1024.7,-1349.3
2025-12-03 03:00:00+00:00,-2075.8,1030.7,-1045.1
2025-12-03 04:00:00+00:00,-1605.1,1028.8,-576.3
2025-12-03 05:00:00+00:00,-1616.6,1030.5,-586.1
2025-12-03 06:00:00+00:00,-1257.6,1029.5,-228.1
2025-12-03 07:00:00+00:00,-736.9,1031.0,294.1
2025-12-03 08:00:00+00:00,-795.8,1028.4,232.7
2025-12-03 09:00:00+00:00,-804.9,1030.8,225.9
2025-12-03 10:00:00+00:00,-601.3,1029.8,428.5
2025-12-03 11:00:00+00:00,-399.6,1030.8,631.2
2025-12-03 12:00:00+00:00,-630.7,1029.5,398.8
2025-12-03 13:00:00+00:00,-634.3,1030.8,396.5
2025-12-03 14:00:00+00:00,-694.2,1030.9,336.7
2025-12-03 15:00:00+00:00,-541.3,1030.9,489.6
2025-12-03 16:00:00+00:00,-497.7,1030.9,533.2
2025-12-03 17:00:00+00:00,-390.1,1030.8,640.7
2025-12-03 18:00:00+00:00,-392.0,1031.0,639.0
2025-12-03 19:00:00+00:00,-37.4,1030.7,993.3
2025-12-03 20:00:00+00:00,47.7,1027.3,1075.0
2025-12-03 21:00:00+00:00,141.3,1029.3,1170.6
2025-12-03 22:00:00+00:00,-37.9,1019.4,981.5
2025-12-03 23:00:00+00:00,-0.1,1025.6,1025.5
2025-12-04 00:00:00+00:00,-159.4,1027.0,867.5
2025-12-04 01:00:00+00:00,-561.6,1027.3,465.7
2025-12-04 02:00:00+00:00,-739.8,1030.4,290.6
2025-12-04 03:00:00+00:00,-779.9,1030.4,250.5
2025-12-04 04:00:00+00:00,-377.3,1026.1,648.9
2025-12-04 05:00:00+00:00,-195.2,1026.5,831.3
2025-12-04 06:00:00+00:00,-242.3,1029.6,787.2
2025-12-04 07:00:00+00:00,-483.5,1030.8,547.2
2025-12-04 08:00:00+00:00,-668.5,1028.5,360.0
2025-12-04 09:00:00+00:00,-433.6,1029.5,595.9
2025-12-04 10:00:00+00:00,-291.7,1030.2,738.5
2025-12-04 11:00:00+00:00,-310.5,1030.9,720.3
2025-12-04 12:00:00+00:00,-321.1,1028.2,707.1
2025-12-04 13:00:00+00:00,-258.7,1028.9,770.2
2025-12-04 14:00:00+00:00,-300.5,1031.1,730.6
2025-12-04 15:00:00+00:00,-256.2,1030.7,774.5
2025-12-04 16:00:00+00:00,-251.7,1030.6,778.9
2025-12-04 17:00:00+00:00,-270.5,1029.5,759.0
2025-12-04 18:00:00+00:00,-339.0,1020.4,681.5
2025-12-04 19:00:00+00:00,-350.9,1011.3,660.3
2025-12-04 20:00:00+00:00,167.5,1022.2,1189.7
2025-12-04 21:00:00+00:00,295.0,1024.6,1319.6
2025-12-04 22:00:00+00:00,291.8,1019.2,1311.0
2025-12-04 23:00:00+00:00,250.7,1009.9,1260.7
2025-12-05 00:00:00+00:00,296.0,974.8,1270.8
2025-12-05 01:00:00+00:00,208.1,943.9,1152.1
2025-12-05 02:00:00+00:00,128.1,961.5,1089.6
2025-12-05 03:00:00+00:00,363.7,1012.3,1376.0
2025-12-05 04:00:00+00:00,717.9,1026.5,1744.4
2025-12-05 05:00:00+00:00,927.5,1025.8,1953.3
2025-12-05 06:00:00+00:00,850.8,1023.5,1874.3
2025-12-05 07:00:00+00:00,576.5,1008.5,1585.0
2025-12-05 08:00:00+00:00,572.5,1020.4,1592.9
2025-12-05 09:00:00+00:00,665.2,982.6,1647.8
2025-12-05 10:00:00+00:00,880.8,995.2,1876.1
2025-12-05 11:00:00+00:00,1004.1,1020.8,2024.9
2025-12-05 12:00:00+00:00,986.6,1022.2,2008.8
2025-12-05 13:00:00+00:00,1018.3,1009.9,2028.1
2025-12-05 14:00:00+00:00,1111.9,1013.1,2125.0
2025-12-05 15:00:00+00:00,1067.1,1012.9,2080.1
2025-12-05 16:00:00+00:00,1024.7,880.3,1905.0
2025-12-05 17:00:00+00:00,1258.2,1009.0,2267.2
2025-12-05 18:00:00+00:00,1292.4,1003.8,2296.1
2025-12-05 19:00:00+00:00,1166.0,975.8,2141.8
2025-12-05 20:00:00+00:00,1385.6,972.4,2358.0
2025-12-05 21:00:00+00:00,1321.1,901.3,2222.4
2025-12-05 22:00:00+00:00,1090.7,1004.8,2095.5
2025-12-05 23:00:00+00:00,1106.5,1008.4,2114.9
2025-12-06 00:00:00+00:00,1131.3,1030.0,2161.3
2025-12-06 01:00:00+00:00,1121.2,1009.1,2130.3
2025-12-06 02:00:00+00:00,1076.0,1012.6,2088.5
2025-12-06 03:00:00+00:00,1126.6,993.5,2120.0
2025-12-06 04:00:00+00:00,1020.3,994.3,2014.5
2025-12-06 05:00:00+00:00,1129.3,1026.7,2156.0
2025-12-06 06:00:00+00:00,1219.3,1028.0,2247.3
2025-12-06 07:00:00+00:00,963.2,1021.4,1984.6
2025-12-06 08:00:00+00:00,922.4,1003.1,1925.5
2025-12-06 09:00:00+00:00,756.5,1009.4,1765.9
2025-12-06 10:00:00+00:00,507.7,1018.9,1526.6
2025-12-06 11:00:00+00:00,431.0,984.0,1415.1
2025-12-06 12:00:00+00:00,160.6,1005.0,1165.5
2025-12-06 13:00:00+00:00,83.4,994.9,1078.3
2025-12-06 14:00:00+00:00,-94.6,1012.4,917.8
2025-12-06 15:00:00+00:00,-347.9,1021.2,673.3
2025-12-06 16:00:00+00:00,-709.8,1030.8,321.0
2025-12-06 17:00:00+00:00,-983.2,1022.5,39.3
2025-12-06 18:00:00+00:00,-1056.0,1030.7,-25.3
2025-12-06 19:00:00+00:00,-1189.0,1030.9,-158.1
2025-12-06 20:00:00+00:00,-1102.3,1019.5,-82.8
2025-12-06 21:00:00+00:00,-1437.4,1010.7,-426.8
2025-12-06 22:00:00+00:00,-1658.2,1013.5,-644.7
2025-12-06 23:00:00+00:00,-2008.5,1013.1,-995.4
2025-12-07 00:00:00+00:00,-2199.7,1008.0,-1191.7
2025-12-07 01:00:00+00:00,-2296.9,1017.5,-1279.4
2025-12-07 02:00:00+00:00,-2341.2,1010.0,-1331.2
2025-12-07 03:00:00+00:00,-2380.4,1024.4,-1356.0
2025-12-07 04:00:00+00:00,-2076.9,991.9,-1084.9
2025-12-07 05:00:00+00:00,-1998.7,1021.7,-976.9
2025-12-07 06:00:00+00:00,-1849.4,1021.6,-827.9
2025-12-07 07:00:00+00:00,-1765.3,1010.3,-755.0
2025-12-07 08:00:00+00:00,-1518.0,1004.5,-513.5
2025-12-07 09:00:00+00:00,-1291.0,1026.7,-264.3
2025-12-07 10:00:00+00:00,-1161.6,1012.5,-149.1
2025-12-07 11:00:00+00:00,-1183.2,1027.7,-155.5
2025-12-07 12:00:00+00:00,-1121.3,991.2,-130.1
2025-12-07 13:00:00+00:00,-1116.4,1021.4,-95.0
2025-12-07 14:00:00+00:00,-1070.4,1005.9,-64.5
2025-12-07 15:00:00+00:00,-1175.2,979.2,-196.0
2025-12-07 16:00:00+00:00,-1086.4,1021.1,-65.2
2025-12-07 17:00:00+00:00,-935.7,1025.4,89.7
2025-12-07 18:00:00+00:00,-1050.1,1027.2,-22.9
2025-12-07 19:00:00+00:00,-1208.4,1026.6,-181.7
2025-12-07 20:00:00+00:00,-1005.9,1026.5,20.6
2025-12-07 21:00:00+00:00,-878.3,1022.3,144.0
2025-12-07 22:00:00+00:00,-645.8,1021.5,375.7
2025-12-07 23:00:00+00:00,-451.9,1015.9,564.0
2025-12-08 00:00:00+00:00,-198.5,1024.7,826.2
2025-12-08 01:00:00+00:00,-91.3,1029.6,938.3
2025-12-08 02:00:00+00:00,-4.5,1029.3,1024.8
2025-12-08 03:00:00+00:00,360.6,1030.6,1391.2
2025-12-08 04:00:00+00:00,790.2,1030.9,1821.0
2025-12-08 05:00:00+00:00,820.3,1027.2,1847.5
2025-12-08 06:00:00+00:00,795.9,1025.5,1821.4
2025-12-08 07:00:00+00:00,869.4,1030.9,1900.2
2025-12-08 08:00:00+00:00,851.8,1003.3,1855.1
2025-12-08 09:00:00+00:00,857.2,994.6,1851.8
2025-12-08 10:00:00+00:00,1075.1,1006.6,2081.8
2025-12-08 11:00:00+00:00,1146.3,1006.9,2153.2
2025-12-08 12:00:00+00:00,1213.1,1018.1,2231.2
2025-12-08 13:00:00+00:00,1150.0,1002.2,2152.2
2025-12-08 14:00:00+00:00,865.5,1017.6,1883.1
2025-12-08 15:00:00+00:00,840.0,1017.9,1857.9
2025-12-08 16:00:00+00:00,631.2,947.1,1578.3
2025-12-08 17:00:00+00:00,650.0,1029.1,1679.1
2025-12-08 18:00:00+00:00,718.8,960.0,1678.8
2025-12-08 19:00:00+00:00,639.5,959.2,1598.6
2025-12-08 20:00:00+00:00,929.5,809.5,1739.0
2025-12-08 21:00:00+00:00,713.8,767.9,1481.8
2025-12-08 22:00:00+00:00,657.2,697.0,1354.2
2025-12-08 23:00:00+00:00,273.5,696.0,969.6
2025-12-09 00:00:00+00:00,233.3,654.8,888.0
2025-12-09 01:00:00+00:00,723.8,420.9,1144.7
2025-12-09 02:00:00+00:00,963.9,451.1,1415.1
2025-12-09 03:00:00+00:00,900.4,234.6,1135.0
2025-12-09 04:00:00+00:00,1215.7,644.1,1859.9
2025-12-09 05:00:00+00:00,1347.6,779.1,2126.6
2025-12-09 06:00:00+00:00,1422.9,767.1,2190.0
2025-12-09 07:00:00+00:00,1275.4,816.8,2092.2
2025-12-09 08:00:00+00:00,1193.0,722.9,1915.9
2025-12-09 09:00:00+00:00,1552.9,977.0,2529.8
2025-12-09 10:00:00+00:00,1725.3,1014.3,2739.6
2025-12-09 11:00:00+00:00,1857.2,1001.4,2858.6
2025-12-09 12:00:00+00:00,1810.6,1005.0,2815.6
2025-12-09 13:00:00+00:00,2003.3,881.9,2885.2
2025-12-09 14:00:00+00:00,1991.1,1001.3,2992.4
2025-12-09 15:00:00+00:00,1927.2,1016.3,2943.6
2025-12-09 16:00:00+00:00,1993.8,724.3,2718.1
2025-12-09 17:00:00+00:00,2003.2,673.6,2676.8
2025-12-09 18:00:00+00:00,2016.6,809.6,2826.2
2025-12-09 19:00:00+00:00,1859.3,970.8,2830.1
2025-12-09 20:00:00+00:00,2023.5,953.0,2976.5
2025-12-09 21:00:00+00:00,2015.9,829.0,2844.8
2025-12-09 22:00:00+00:00,2165.7,749.1,2914.7
2025-12-09 23:00:00+00:00,2170.8,947.1,3117.9
2025-12-10 00:00:00+00:00,2038.2,1021.9,3060.1
2025-12-10 01:00:00+00:00,2093.6,995.7,3089.3
2025-12-10 02:00:00+00:00,2083.6,1027.1,3110.7
2025-12-10 03:00:00+00:00,2115.4,984.6,3100.0
2025-12-10 04:00:00+00:00,2037.3,977.2,3014.6
2025-12-10 05:00:00+00:00,1938.7,898.8,2837.5
2025-12-10 06:00:00+00:00,2091.0,870.3,2961.3
2025-12-10 07:00:00+00:00,2087.0,920.1,3007.0
2025-12-10 08:00:00+00:00,2092.0,859.4,2951.5
2025-12-10 09:00:00+00:00,2072.1,725.0,2797.2
2025-12-10 10:00:00+00:00,2399.3,594.1,2993.4
2025-12-10 11:00:00+00:00,2358.7,788.4,3147.1
2025-12-10 12:00:00+00:00,2084.9,838.6,2923.5
2025-12-10 13:00:00+00:00,2069.3,864.8,2934.0
2025-12-10 14:00:00+00:00,1972.4,852.0,2824.4
2025-12-10 15:00:00+00:00,1818.7,901.8,2720.5
2025-12-10 16:00:00+00:00,1758.0,895.1,2653.1
2025-12-10 17:00:00+00:00,1801.7,775.0,2576.7
2025-12-10 18:00:00+00:00,1582.6,676.5,2259.1
2025-12-10 19:00:00+00:00,1308.3,650.1,1958.4
2025-12-10 20:00:00+00:00,1621.5,768.5,2389.9
2025-12-10 21:00:00+00:00,1764.6,636.4,2400.9
2025-12-10 22:00:00+00:00,1715.0,623.3,2338.4
2025-12-10 23:00:00+00:00,1541.7,726.8,2268.5
2025-12-11 00:00:00+00:00,1389.6,699.1,2088.7
2025-12-11 01:00:00+00:00,1505.1,616.4,2121.5
2025-12-11 02:00:00+00:00,1575.4,642.1,2217.5
2025-12-11 03:00:00+00:00,1788.8,673.5,2462.3
2025-12-11 04:00:00+00:00,2216.9,697.0,2913.8
2025-12-11 05:00:00+00:00,2321.4,654.8,2976.2
2025-12-11 06:00:00+00:00,2116.0,829.1,2945.1
2025-12-11 07:00:00+00:00,2165.3,836.2,3001.5
2025-12-11 08:00:00+00:00,2098.9,842.4,2941.3
2025-12-11 09:00:00+00:00,2113.6,759.1,2872.7
2025-12-11 10:00:00+00:00,2179.9,661.1,2841.0
2025-12-11 11:00:00+00:00,2108.9,599.3,2708.2
2025-12-11 12:00:00+00:00,2146.9,759.8,2906.7
2025-12-11 13:00:00+00:00,1993.0,857.7,2850.8
2025-12-11 14:00:00+00:00,1978.8,838.8,2817.6
2025-12-11 15:00:00+00:00,1868.1,800.3,2668.4
2025-12-11 16:00:00+00:00,1614.4,823.0,2437.4
2025-12-11 17:00:00+00:00,1621.4,917.3,2538.7
2025-12-11 18:00:00+00:00,1530.0,993.8,2523.8
2025-12-11 19:00:00+00:00,1241.0,992.6,2233.6
2025-12-11 20:00:00+00:00,1187.9,1014.0,2201.9
2025-12-11 21:00:00+00:00,962.1,1005.6,1967.7
2025-12-11 22:00:00+00:00,850.0,900.8,1750.9
2025-12-11 23:00:00+00:00,810.2,924.4,1734.6
2025-12-12 00:00:00+00:00,638.6,912.5,1551.1
2025-12-12 01:00:00+00:00,374.4,947.0,1321.4
2025-12-12 02:00:00+00:00,333.3,987.0,1320.3
2025-12-12 03:00:00+00:00,562.4,1016.3,1578.7
2025-12-12 04:00:00+00:00,909.2,1020.8,1930.0
2025-12-12 05:00:00+00:00,664.6,1010.7,1675.3
2025-12-12 06:00:00+00:00,692.2,1019.4,1711.6
2025-12-12 07:00:00+00:00,622.9,1028.0,1650.9
2025-12-12 08:00:00+00:00,560.0,1027.1,1587.1
2025-12-12 09:00:00+00:00,902.0,1017.9,1919.9
2025-12-12 10:00:00+00:00,1013.6,1024.8,2038.4
2025-12-12 11:00:00+00:00,565.8,1029.4,1595.2
2025-12-12 12:00:00+00:00,395.0,1029.8,1424.7
2025-12-12 13:00:00+00:00,475.0,1002.1,1477.1
2025-12-12 14:00:00+00:00,465.8,1002.4,1468.2
2025-12-12 15:00:00+00:00,427.3,1024.0,1451.3
2025-12-12 16:00:00+00:00,442.9,1000.9,1443.8
2025-12-12 17:00:00+00:00,671.4,836.9,1508.2
2025-12-12 18:00:00+00:00,915.1,867.7,1782.8
2025-12-12 19:00:00+00:00,849.0,1021.9,1870.9
2025-12-12 20:00:00+00:00,1037.3,1021.0,2058.3
2025-12-12 21:00:00+00:00,1229.0,1010.8,2239.7
2025-12-12 22:00:00+00:00,1219.4,1012.4,2231.9
2025-12-12 23:00:00+00:00,1197.2,1013.8,2211.0
2025-12-13 00:00:00+00:00,1331.9,993.4,2325.4
2025-12-13 01:00:00+00:00,1844.2,921.2,2765.4
2025-12-13 02:00:00+00:00,1604.9,915.0,2519.9
2025-12-13 03:00:00+00:00,1846.3,1011.4,2857.8
2025-12-13 04:00:00+00:00,1938.7,1016.3,2955.0
2025-12-13 05:00:00+00:00,1951.2,1016.9,2968.1
2025-12-13 06:00:00+00:00,1920.1,1022.8,2942.9
2025-12-13 07:00:00+00:00,1782.1,1026.3,2808.4
2025-12-13 08:00:00+00:00,1657.9,1008.7,2666.6
2025-12-13 09:00:00+00:00,1358.3,1028.6,2387.0
2025-12-13 10:00:00+00:00,1457.5,1030.6,2488.1
2025-12-13 11:00:00+00:00,1138.8,984.0,2122.8
2025-12-13 12:00:00+00:00,1062.7,953.2,2015.9
2025-12-13 13:00:00+00:00,971.4,1027.1,1998.5
2025-12-13 14:00:00+00:00,732.9,1030.5,1763.4
2025-12-13 15:00:00+00:00,949.7,1029.3,1979.0
2025-12-13 16:00:00+00:00,920.5,1030.4,1950.9
2025-12-13 17:00:00+00:00,930.4,1030.5,1960.8
2025-12-13 18:00:00+00:00,734.9,1030.8,1765.7
2025-12-13 19:00:00+00:00,395.0,1030.7,1425.7
2025-12-13 20:00:00+00:00,511.3,1026.0,1537.3
2025-12-13 21:00:00+00:00,233.7,1026.2,1259.9
2025-12-13 22:00:00+00:00,126.1,1030.8,1156.9
2025-12-13 23:00:00+00:00,-240.2,1030.9,790.7
2025-12-14 00:00:00+00:00,-125.8,1031.0,905.2
2025-12-14 01:00:00+00:00,-78.4,1030.5,952.1
2025-12-14 02:00:00+00:00,-107.0,1027.3,920.2
2025-12-14 03:00:00+00:00,-143.3,1002.6,859.3
2025-12-14 04:00:00+00:00,-80.6,1020.4,939.8
2025-12-14 05:00:00+00:00,-300.2,1013.9,713.8
2025-12-14 06:00:00+00:00,-272.5,1018.7,746.3
2025-12-14 07:00:00+00:00,-595.1,1016.1,421.1
2025-12-14 08:00:00+00:00,-654.4,1005.5,351.1
2025-12-14 09:00:00+00:00,-535.2,1016.3,481.1
2025-12-14 10:00:00+00:00,-434.7,1018.0,583.3
2025-12-14 11:00:00+00:00,-540.2,1015.2,475.0
2025-12-14 12:00:00+00:00,-581.5,1002.5,421.0
2025-12-14 13:00:00+00:00,-202.6,1017.3,814.7
2025-12-14 14:00:00+00:00,-146.3,1020.5,874.2
2025-12-14 15:00:00+00:00,-40.1,1011.3,971.1
2025-12-14 16:00:00+00:00,235.6,1030.5,1266.1
2025-12-14 17:00:00+00:00,387.5,1026.0,1413.5
2025-12-14 18:00:00+00:00,408.8,1005.8,1414.6
2025-12-14 19:00:00+00:00,514.4,1021.8,1536.2
2025-12-14 20:00:00+00:00,1254.5,1028.5,2283.0
2025-12-14 21:00:00+00:00,1568.9,1015.6,2584.5
2025-12-14 22:00:00+00:00,1753.9,921.5,2675.4
2025-12-14 23:00:00+00:00,1893.6,935.2,2828.8
2025-12-15 00:00:00+00:00,1988.5,1003.3,2991.8
2025-12-15 01:00:00+00:00,2029.8,1004.4,3034.2
2025-12-15 02:00:00+00:00,2158.4,996.1,3154.4
2025-12-15 03:00:00+00:00,2173.1,1029.9,3203.0
2025-12-15 04:00:00+00:00,2038.5,969.1,3007.6
2025-12-15 05:00:00+00:00,2269.5,717.2,2986.7
2025-12-15 06:00:00+00:00,2232.8,651.7,2884.4
2025-12-15 07:00:00+00:00,1862.3,598.7,2461.0
2025-12-15 08:00:00+00:00,1662.9,913.6,2576.6
2025-12-15 09:00:00+00:00,1645.5,1030.1,2675.6
2025-12-15 10:00:00+00:00,654.2,847.0,1501.1
2025-12-15 11:00:00+00:00,1168.9,1012.6,2181.5
2025-12-15 12:00:00+00:00,1239.2,1027.1,2266.3
2025-12-15 13:00:00+00:00,750.3,1028.9,1779.2
2025-12-15 14:00:00+00:00,762.8,1027.1,1789.9
2025-12-15 15:00:00+00:00,678.6,1026.5,1705.0
2025-12-15 16:00:00+00:00,839.9,1026.6,1866.5
2025-12-15 17:00:00+00:00,1158.8,1028.6,2187.4
2025-12-15 18:00:00+00:00,1407.6,1031.0,2438.6
2025-12-15 19:00:00+00:00,948.2,943.1,1891.3
2025-12-15 20:00:00+00:00,1286.9,877.3,2164.2
2025-12-15 21:00:00+00:00,1332.4,901.0,2233.4
2025-12-15 22:00:00+00:00,1358.1,851.0,2209.1
2025-12-15 23:00:00+00:00,1764.5,912.8,2677.3
2025-12-16 00:00:00+00:00,1902.3,836.1,2738.4
2025-12-16 01:00:00+00:00,1839.4,842.9,2682.3
2025-12-16 02:00:00+00:00,1781.6,864.5,2646.1
2025-12-16 03:00:00+00:00,1908.4,883.3,2791.6
2025-12-16 04:00:00+00:00,2188.7,970.1,3158.8
2025-12-16 05:00:00+00:00,2069.3,1003.5,3072.7
2025-12-16 06:00:00+00:00,1946.2,999.6,2945.8
2025-12-16 07:00:00+00:00,1871.8,1012.7,2884.5
2025-12-16 08:00:00+00:00,1879.0,890.2,2769.2
2025-12-16 09:00:00+00:00,1691.2,925.7,2617.0
2025-12-16 10:00:00+00:00,1522.4,1024.2,2546.6
2025-12-16 11:00:00+00:00,1565.4,1030.5,2595.9
2025-12-16 12:00:00+00:00,1481.7,1030.6,2512.2
2025-12-16 13:00:00+00:00,1440.4,1030.4,2470.9
2025-12-16 14:00:00+00:00,1196.8,1030.3,2227.1
2025-12-16 15:00:00+00:00,1261.2,1014.9,2276.1
2025-12-16 16:00:00+00:00,1042.8,1026.9,2069.7
2025-12-16 17:00:00+00:00,845.1,1025.5,1870.6
2025-12-16 18:00:00+00:00,959.9,1027.6,1987.5
2025-12-16 19:00:00+00:00,627.2,1018.2,1645.5
2025-12-16 20:00:00+00:00,998.1,1014.8,2012.9
2025-12-16 21:00:00+00:00,966.7,1014.7,1981.4
2025-12-16 22:00:00+00:00,702.4,1017.9,1720.3
2025-12-16 23:00:00+00:00,855.5,1030.6,1886.2
2025-12-17 00:00:00+00:00,830.7,1017.8,1848.6
2025-12-17 01:00:00+00:00,939.8,1023.7,1963.4
2025-12-17 02:00:00+00:00,1068.8,1027.0,2095.8
2025-12-17 03:00:00+00:00,1218.2,1029.1,2247.3
2025-12-17 04:00:00+00:00,1636.8,1026.0,2662.8
2025-12-17 05:00:00+00:00,1578.9,1016.0,2594.9
2025-12-17 06:00:00+00:00,1518.0,1023.7,2541.7
2025-12-17 07:00:00+00:00,1144.6,1030.4,2175.0
2025-12-17 08:00:00+00:00,931.0,1028.8,1959.8
2025-12-17 09:00:00+00:00,937.2,1030.6,1967.8
2025-12-17 10:00:00+00:00,1094.1,1030.9,2125.0
2025-12-17 11:00:00+00:00,996.0,1029.6,2025.7
2025-12-17 12:00:00+00:00,1083.2,1026.1,2109.3
2025-12-17 13:00:00+00:00,1167.4,1027.7,2195.1
2025-12-17 14:00:00+00:00,865.8,1020.9,1886.7
2025-12-17 15:00:00+00:00,1036.0,1027.8,2063.8
2025-12-17 16:00:00+00:00,873.7,1028.8,1902.5
2025-12-17 17:00:00+00:00,930.0,1030.6,1960.6
2025-12-17 18:00:00+00:00,871.4,1028.9,1900.3
2025-12-17 19:00:00+00:00,787.0,1021.0,1808.0
2025-12-17 20:00:00+00:00,1027.4,1018.1,2045.5
2025-12-17 21:00:00+00:00,1086.9,1030.9,2117.8
2025-12-17 22:00:00+00:00,1243.1,1029.5,2272.6
2025-12-17 23:00:00+00:00,1080.8,1021.0,2101.8
2025-12-18 00:00:00+00:00,1248.8,1006.1,2255.0
2025-12-18 01:00:00+00:00,1670.4,984.4,2654.8
2025-12-18 02:00:00+00:00,1633.4,1006.4,2639.8
2025-12-18 03:00:00+00:00,1774.2,1021.5,2795.7
2025-12-18 04:00:00+00:00,1948.4,1028.8,2977.1
2025-12-18 05:00:00+00:00,1812.3,1019.0,2831.2
2025-12-18 06:00:00+00:00,1987.9,1026.0,3014.0
2025-12-18 07:00:00+00:00,1977.3,1028.4,3005.8
2025-12-18 08:00:00+00:00,2020.2,1030.4,3050.6
2025-12-18 09:00:00+00:00,1768.6,1018.1,2786.7
2025-12-18 10:00:00+00:00,1778.9,1029.4,2808.2
2025-12-18 11:00:00+00:00,1496.0,1027.2,2523.2
2025-12-18 12:00:00+00:00,1288.0,1027.2,2315.2
2025-12-18 13:00:00+00:00,1137.2,1028.5,2165.7
2025-12-18 14:00:00+00:00,725.8,1030.8,1756.6
2025-12-18 15:00:00+00:00,292.6,1029.8,1322.3
2025-12-18 16:00:00+00:00,38.0,1023.2,1061.2
2025-12-18 17:00:00+00:00,-326.2,1027.9,701.7
2025-12-18 18:00:00+00:00,-794.0,1014.2,220.3
2025-12-18 19:00:00+00:00,-1299.0,1022.2,-276.8
2025-12-18 20:00:00+00:00,-1004.9,1013.8,8.9
2025-12-18 21:00:00+00:00,-1233.9,1026.6,-207.3
2025-12-18 22:00:00+00:00,-1580.0,1003.0,-577.0
2025-12-18 23:00:00+00:00,-981.6,1029.7,48.1
2025-12-19 00:00:00+00:00,-1168.4,1019.5,-148.9
2025-12-19 01:00:00+00:00,-1183.2,1024.0,-159.3
2025-12-19 02:00:00+00:00,-1089.2,1021.5,-67.8
2025-12-19 03:00:00+00:00,-622.3,1008.7,386.4
2025-12-19 04:00:00+00:00,-370.6,1005.1,634.5
2025-12-19 05:00:00+00:00,-317.2,1025.1,707.9
2025-12-19 06:00:00+00:00,92.7,1030.6,1123.3
2025-12-19 07:00:00+00:00,453.9,1030.6,1484.4
2025-12-19 08:00:00+00:00,515.1,1018.5,1533.6
2025-12-19 09:00:00+00:00,516.4,1030.5,1546.9
2025-12-19 10:00:00+00:00,337.4,1024.2,1361.6
2025-12-19 11:00:00+00:00,270.8,1030.7,1301.5
2025-12-19 12:00:00+00:00,246.4,1029.6,1276.0
2025-12-19 13:00:00+00:00,203.9,1030.6,1234.5
2025-12-19 14:00:00+00:00,52.6,1030.7,1083.3
2025-12-19 15:00:00+00:00,-69.1,1030.9,961.8
2025-12-19 16:00:00+00:00,-280.1,1027.7,747.6
2025-12-19 17:00:00+00:00,-578.3,1030.7,452.4
2025-12-19 18:00:00+00:00,-876.0,1030.4,154.4
2025-12-19 19:00:00+00:00,-1146.7,1028.3,-118.4
2025-12-19 20:00:00+00:00,-935.7,1023.2,87.5
2025-12-19 21:00:00+00:00,-1148.9,1026.4,-122.5
2025-12-19 22:00:00+00:00,-929.2,1029.4,100.2
2025-12-19 23:00:00+00:00,-1110.0,1017.4,-92.6
2025-12-20 00:00:00+00:00,-1168.0,1029.7,-138.3
2025-12-20 01:00:00+00:00,-1259.9,1000.9,-259.0
2025-12-20 02:00:00+00:00,-1386.4,1027.1,-359.4
2025-12-20 03:00:00+00:00,-1461.1,1018.5,-442.7
2025-12-20 04:00:00+00:00,-1319.5,1014.5,-304.9
2025-12-20 05:00:00+00:00,-1157.4,1030.5,-126.9
2025-12-20 06:00:00+00:00,-900.2,1009.7,109.5
2025-12-20 07:00:00+00:00,-1075.1,1024.0,-51.1
2025-12-20 08:00:00+00:00,-869.0,1028.0,158.9
2025-12-20 09:00:00+00:00,-597.6,1027.2,429.6
2025-12-20 10:00:00+00:00,-344.7,1026.0,681.3
2025-12-20 11:00:00+00:00,8.0,1028.3,1036.3
2025-12-20 12:00:00+00:00,137.6,1030.5,1168.1
2025-12-20 13:00:00+00:00,330.3,1029.1,1359.5
2025-12-20 14:00:00+00:00,600.8,1030.4,1631.2
2025-12-20 15:00:00+00:00,877.7,1021.3,1899.0
2025-12-20 16:00:00+00:00,1110.1,1026.4,2136.4
2025-12-20 17:00:00+00:00,1328.7,1009.5,2338.2
2025-12-20 18:00:00+00:00,1626.2,982.4,2608.6
2025-12-20 19:00:00+00:00,1744.0,1014.2,2758.1
2025-12-20 20:00:00+00:00,1632.0,982.4,2614.4
2025-12-20 21:00:00+00:00,1422.2,1028.6,2450.8
2025-12-20 22:00:00+00:00,858.3,1011.7,1870.0
2025-12-20 23:00:00+00:00,-87.7,930.5,842.8
2025-12-21 00:00:00+00:00,-252.9,920.8,667.8
2025-12-21 01:00:00+00:00,-409.2,937.6,528.4
2025-12-21 02:00:00+00:00,-236.3,854.9,618.7
2025-12-21 03:00:00+00:00,76.2,830.3,906.4
2025-12-21 04:00:00+00:00,337.3,829.2,1166.5
2025-12-21 05:00:00+00:00,463.2,793.0,1256.2
2025-12-21 06:00:00+00:00,652.0,933.0,1585.0
2025-12-21 07:00:00+00:00,439.4,1001.4,1440.8
2025-12-21 08:00:00+00:00,543.7,1001.3,1545.1
2025-12-21 09:00:00+00:00,832.3,1010.7,1843.0
2025-12-21 10:00:00+00:00,960.1,1002.0,1962.1
2025-12-21 11:00:00+00:00,990.5,977.0,1967.5
2025-12-21 12:00:00+00:00,1187.8,993.0,2180.8
2025-12-21 13:00:00+00:00,1461.4,1011.4,2472.8
2025-12-21 14:00:00+00:00,1504.2,1014.7,2518.9
2025-12-21 15:00:00+00:00,1360.9,994.4,2355.3
2025-12-21 16:00:00+00:00,1371.6,1003.2,2374.9
2025-12-21 17:00:00+00:00,1442.6,1012.7,2455.2
2025-12-21 18:00:00+00:00,1569.7,996.9,2566.6
2025-12-21 19:00:00+00:00,1512.7,991.8,2504.5
2025-12-21 20:00:00+00:00,1735.5,990.5,2726.1
2025-12-21 21:00:00+00:00,1878.1,970.1,2848.1
2025-12-21 22:00:00+00:00,1562.6,908.2,2470.8
2025-12-21 23:00:00+00:00,1523.6,915.0,2438.7
2025-12-22 00:00:00+00:00,1369.8,936.5,2306.4
2025-12-22 01:00:00+00:00,1154.6,943.6,2098.2
2025-12-22 02:00:00+00:00,1036.1,974.7,2010.9
2025-12-22 03:00:00+00:00,968.5,974.6,1943.1
2025-12-22 04:00:00+00:00,816.1,1010.0,1826.0
2025-12-22 05:00:00+00:00,815.8,1014.5,1830.3
2025-12-22 06:00:00+00:00,948.9,1000.6,1949.5
2025-12-22 07:00:00+00:00,956.4,1010.7,1967.0
2025-12-22 08:00:00+00:00,809.3,1025.1,1834.4
2025-12-22 09:00:00+00:00,760.4,1018.8,1779.2
2025-12-22 10:00:00+00:00,873.6,1019.4,1893.0
2025-12-22 11:00:00+00:00,828.3,1011.3,1839.6
2025-12-22 12:00:00+00:00,895.8,1008.7,1904.5
2025-12-22 13:00:00+00:00,1206.5,1000.6,2207.1
2025-12-22 14:00:00+00:00,1071.2,980.1,2051.3
2025-12-22 15:00:00+00:00,1098.3,921.7,2020.0
2025-12-22 16:00:00+00:00,1211.6,927.4,2139.0
2025-12-22 17:00:00+00:00,1468.8,989.7,2458.5
2025-12-22 18:00:00+00:00,1588.2,984.4,2572.5
2025-12-22 19:00:00+00:00,1351.7,991.3,2342.9
2025-12-22 20:00:00+00:00,1805.8,927.7,2733.5
2025-12-22 21:00:00+00:00,1796.7,933.9,2730.6
2025-12-22 22:00:00+00:00,1660.3,945.8,2606.1
2025-12-22 23:00:00+00:00,1465.7,1001.9,2467.6
2025-12-23 00:00:00+00:00,1380.1,1027.6,2407.7
2025-12-23 01:00:00+00:00,1137.4,1024.0,2161.4
2025-12-23 02:00:00+00:00,1138.2,1025.0,2163.2
2025-12-23 03:00:00+00:00,979.7,1006.1,1985.8
2025-12-23 04:00:00+00:00,860.3,1012.6,1872.9
2025-12-23 05:00:00+00:00,763.7,1010.2,1773.9
2025-12-23 06:00:00+00:00,841.3,1007.3,1848.6
2025-12-23 07:00:00+00:00,863.3,1026.8,1890.1
2025-12-23 08:00:00+00:00,855.9,1015.2,1871.2
2025-12-23 09:00:00+00:00,794.1,1030.6,1824.7
2025-12-23 10:00:00+00:00,749.9,1008.2,1758.1
2025-12-23 11:00:00+00:00,756.5,1014.8,1771.3
2025-12-23 12:00:00+00:00,676.3,1025.7,1702.0
2025-12-23 13:00:00+00:00,667.9,1030.3,1698.2
2025-12-23 14:00:00+00:00,775.3,1007.2,1782.5
2025-12-23 15:00:00+00:00,850.5,1014.3,1864.8
2025-12-23 16:00:00+00:00,909.9,1029.3,1939.2
2025-12-23 17:00:00+00:00,1003.3,1025.4,2028.7
2025-12-23 18:00:00+00:00,1067.8,1030.8,2098.6
2025-12-23 19:00:00+00:00,830.2,1023.6,1853.7
2025-12-23 20:00:00+00:00,930.3,1030.0,1960.3
2025-12-23 21:00:00+00:00,911.1,1031.1,1942.2
2025-12-23 22:00:00+00:00,1105.2,984.7,2089.9
2025-12-23 23:00:00+00:00,793.4,986.9,1780.3
2025-12-24 00:00:00+00:00,1295.2,1027.8,2323.0
2025-12-24 01:00:00+00:00,1192.8,1030.8,2223.5
2025-12-24 02:00:00+00:00,1129.9,1010.2,2140.1
2025-12-24 03:00:00+00:00,1265.5,1023.8,2289.2
2025-12-24 04:00:00+00:00,1273.6,1011.6,2285.2
2025-12-24 05:00:00+00:00,1287.0,1024.0,2311.0
2025-12-24 06:00:00+00:00,1134.2,1028.2,2162.4
2025-12-24 07:00:00+00:00,1131.2,1030.5,2161.7
2025-12-24 08:00:00+00:00,1035.0,1030.9,2065.9
2025-12-24 09:00:00+00:00,699.3,1026.6,1725.9
2025-12-24 10:00:00+00:00,867.0,1029.0,1896.1
2025-12-24 11:00:00+00:00,972.5,1030.6,2003.1
2025-12-24 12:00:00+00:00,748.9,1030.8,1779.7
2025-12-24 13:00:00+00:00,639.7,1030.6,1670.4
2025-12-24 14:00:00+00:00,77.4,1030.5,1107.9
2025-12-24 15:00:00+00:00,-218.4,1015.2,796.8
2025-12-24 16:00:00+00:00,-189.2,1030.7,841.5
2025-12-24 17:00:00+00:00,-391.2,1030.8,639.7
2025-12-24 18:00:00+00:00,-524.8,1031.1,506.3
2025-12-24 19:00:00+00:00,-575.1,1015.8,440.7
2025-12-24 20:00:00+00:00,-345.5,1015.0,669.6
2025-12-24 21:00:00+00:00,-632.7,1022.7,390.0
2025-12-24 22:00:00+00:00,-549.4,1030.8,481.4
2025-12-24 23:00:00+00:00,-1043.6,1030.8,-12.8
2025-12-25 00:00:00+00:00,-1491.2,1026.6,-464.5
2025-12-25 01:00:00+00:00,-1703.8,1030.8,-673.1
2025-12-25 02:00:00+00:00,-1616.9,1011.8,-605.1
2025-12-25 03:00:00+00:00,-1617.2,1016.8,-600.4
2025-12-25 04:00:00+00:00,-1745.2,1018.0,-727.2
2025-12-25 05:00:00+00:00,-1821.6,1027.9,-793.7
2025-12-25 06:00:00+00:00,-1843.6,1017.8,-825.8
2025-12-25 07:00:00+00:00,-2127.2,1010.5,-1116.7
2025-12-25 08:00:00+00:00,-1959.8,1030.4,-929.4
2025-12-25 09:00:00+00:00,-2259.2,1005.3,-1253.9
2025-12-25 10:00:00+00:00,-2269.1,984.5,-1284.6
2025-12-25 11:00:00+00:00,-2095.3,981.2,-1114.1
2025-12-25 12:00:00+00:00,-2058.2,1016.7,-1041.5
2025-12-25 13:00:00+00:00,-1919.4,1015.7,-903.6
2025-12-25 14:00:00+00:00,-1819.3,1027.0,-792.3
2025-12-25 15:00:00+00:00,-1786.0,1019.5,-766.5
2025-12-25 16:00:00+00:00,-1652.3,1029.4,-622.9
2025-12-25 17:00:00+00:00,-1539.6,1021.7,-517.8
2025-12-25 18:00:00+00:00,-1629.0,992.4,-636.5
2025-12-25 19:00:00+00:00,-1577.3,1027.9,-549.4
2025-12-25 20:00:00+00:00,-1362.7,1026.6,-336.1
2025-12-25 21:00:00+00:00,-1386.2,1031.0,-355.1
2025-12-25 22:00:00+00:00,-1259.4,1029.8,-229.6
2025-12-25 23:00:00+00:00,-854.0,989.1,135.2
2025-12-26 00:00:00+00:00,-565.1,1012.5,447.4
2025-12-26 01:00:00+00:00,-460.6,1023.1,562.5
2025-12-26 02:00:00+00:00,-512.2,1030.4,518.3
2025-12-26 03:00:00+00:00,-777.1,1030.8,253.7
2025-12-26 04:00:00+00:00,-806.4,1023.0,216.6
2025-12-26 05:00:00+00:00,-846.9,1020.0,173.1
2025-12-26 06:00:00+00:00,-674.0,1029.3,355.2
2025-12-26 07:00:00+00:00,-475.3,1022.4,547.2
2025-12-26 08:00:00+00:00,-592.0,1015.6,423.6
2025-12-26 09:00:00+00:00,-542.0,1010.7,468.7
2025-12-26 10:00:00+00:00,-684.7,1012.2,327.5
2025-12-26 11:00:00+00:00,-470.7,1017.4,546.7
2025-12-26 12:00:00+00:00,-269.2,1025.4,756.2
2025-12-26 13:00:00+00:00,35.9,1012.6,1048.5
2025-12-26 14:00:00+00:00,39.3,1013.7,1052.9
2025-12-26 15:00:00+00:00,424.1,1030.7,1454.9
2025-12-26 16:00:00+00:00,926.8,1025.9,1952.8
2025-12-26 17:00:00+00:00,1113.2,1024.9,2138.1
2025-12-26 18:00:00+00:00,1270.4,1012.4,2282.8
2025-12-26 19:00:00+00:00,1248.7,1027.2,2275.9
2025-12-26 20:00:00+00:00,1617.7,1030.8,2648.5
2025-12-26 21:00:00+00:00,1252.8,1031.0,2283.8
2025-12-26 22:00:00+00:00,699.8,1024.5,1724.3
2025-12-26 23:00:00+00:00,384.5,1026.4,1410.9
2025-12-27 00:00:00+00:00,-388.9,1004.1,615.1
2025-12-27 01:00:00+00:00,-735.9,1025.3,289.4
2025-12-27 02:00:00+00:00,-549.9,995.8,445.9
2025-12-27 03:00:00+00:00,-805.2,996.5,191.3
2025-12-27 04:00:00+00:00,-889.0,1001.1,112.1
2025-12-27 05:00:00+00:00,-1058.1,1004.1,-54.0
2025-12-27 06:00:00+00:00,-1114.7,975.3,-139.4
2025-12-27 07:00:00+00:00,-1756.5,984.7,-771.7
2025-12-27 08:00:00+00:00,-1823.4,954.6,-868.8
2025-12-27 09:00:00+00:00,-1855.2,987.9,-867.2
2025-12-27 10:00:00+00:00,-1682.8,846.2,-836.6
2025-12-27 11:00:00+00:00,-1441.5,939.8,-501.7
2025-12-27 12:00:00+00:00,-1229.3,1005.4,-223.9
2025-12-27 13:00:00+00:00,-1420.6,1008.8,-411.8
2025-12-27 14:00:00+00:00,-1942.1,1004.5,-937.6
2025-12-27 15:00:00+00:00,-1934.5,983.4,-951.1
2025-12-27 16:00:00+00:00,-1107.0,657.8,-449.2
2025-12-27 17:00:00+00:00,-923.9,760.8,-163.0
2025-12-27 18:00:00+00:00,-748.2,863.5,115.2
2025-12-27 19:00:00+00:00,-94.2,772.6,678.4
2025-12-27 20:00:00+00:00,107.7,644.3,751.9
2025-12-27 21:00:00+00:00,335.2,369.5,704.7
2025-12-27 22:00:00+00:00,-374.9,511.7,136.8
2025-12-27 23:00:00+00:00,-547.5,386.2,-161.3
2025-12-28 00:00:00+00:00,-913.0,388.1,-524.9
2025-12-28 01:00:00+00:00,-1084.7,442.7,-642.0
2025-12-28 02:00:00+00:00,-1175.6,405.5,-770.1
2025-12-28 03:00:00+00:00,-886.0,676.0,-210.1
2025-12-28 04:00:00+00:00,-220.9,566.1,345.2
2025-12-28 05:00:00+00:00,-105.4,414.2,308.8
2025-12-28 06:00:00+00:00,270.2,541.2,811.4
2025-12-28 07:00:00+00:00,583.5,667.8,1251.3
2025-12-28 08:00:00+00:00,920.8,974.3,1895.1
2025-12-28 09:00:00+00:00,936.4,1014.3,1950.7
2025-12-28 10:00:00+00:00,863.1,1016.7,1879.8
2025-12-28 11:00:00+00:00,550.8,868.6,1419.4
2025-12-28 12:00:00+00:00,467.4,922.9,1390.3
2025-12-28 13:00:00+00:00,556.8,1010.1,1566.9
2025-12-28 14:00:00+00:00,795.1,1018.8,1813.9
2025-12-28 15:00:00+00:00,1133.7,1021.1,2154.7
2025-12-28 16:00:00+00:00,1204.3,1031.0,2235.3
2025-12-28 17:00:00+00:00,1288.1,1029.4,2317.5
2025-12-28 18:00:00+00:00,915.5,1029.3,1944.8
2025-12-28 19:00:00+00:00,267.4,1020.0,1287.4
2025-12-28 20:00:00+00:00,421.7,1021.2,1442.8
2025-12-28 21:00:00+00:00,125.9,1009.7,1135.6
2025-12-28 22:00:00+00:00,-301.5,1020.0,718.5
2025-12-28 23:00:00+00:00,-357.2,1020.5,663.3
2025-12-29 00:00:00+00:00,-525.8,1003.9,478.1
2025-12-29 01:00:00+00:00,-619.9,1017.3,397.4
2025-12-29 02:00:00+00:00,-642.1,1008.8,366.7
2025-12-29 03:00:00+00:00,-809.4,1006.6,197.3
2025-12-29 04:00:00+00:00,-735.9,1006.6,270.7
2025-12-29 05:00:00+00:00,-480.1,1025.6,545.5
2025-12-29 06:00:00+00:00,-75.4,1023.6,948.3
2025-12-29 07:00:00+00:00,86.2,1011.6,1097.7
2025-12-29 08:00:00+00:00,201.9,1005.5,1207.5
2025-12-29 09:00:00+00:00,475.8,1014.6,1490.4
2025-12-29 10:00:00+00:00,476.3,1030.6,1506.9
2025-12-29 11:00:00+00:00,601.4,1030.6,1631.9
2025-12-29 12:00:00+00:00,396.3,1031.0,1427.2
2025-12-29 13:00:00+00:00,394.1,1030.9,1425.0
2025-12-29 14:00:00+00:00,499.9,1002.4,1502.2
2025-12-29 15:00:00+00:00,352.9,1019.6,1372.6
2025-12-29 16:00:00+00:00,397.8,1030.5,1428.3
2025-12-29 17:00:00+00:00,225.1,1003.6,1228.6
2025-12-29 18:00:00+00:00,-42.9,1019.3,976.4
2025-12-29 19:00:00+00:00,-305.3,1013.2,707.9
2025-12-29 20:00:00+00:00,-328.3,1022.4,694.1
2025-12-29 21:00:00+00:00,-637.9,1004.5,366.6
2025-12-29 22:00:00+00:00,-905.6,1003.6,98.0
2025-12-29 23:00:00+00:00,-1010.6,1001.3,-9.3
2025-12-30 00:00:00+00:00,-966.7,1004.4,37.7
2025-12-30 01:00:00+00:00,-962.1,973.3,11.2
2025-12-30 02:00:00+00:00,-1088.0,933.1,-154.8
2025-12-30 03:00:00+00:00,-953.5,856.2,-97.3
2025-12-30 04:00:00+00:00,-669.4,806.4,137.0
2025-12-30 05:00:00+00:00,-506.8,1001.6,494.7
2025-12-30 06:00:00+00:00,-337.2,1005.5,668.3
2025-12-30 07:00:00+00:00,-403.0,1013.3,610.3
2025-12-30 08:00:00+00:00,-183.6,1016.2,832.6
2025-12-30 09:00:00+00:00,80.1,1020.5,1100.6
2025-12-30 10:00:00+00:00,664.0,1014.4,1678.4
2025-12-30 11:00:00+00:00,687.5,1004.0,1691.5
2025-12-30 12:00:00+00:00,766.0,1001.2,1767.1
2025-12-30 13:00:00+00:00,869.5,1020.4,1889.9
2025-12-30 14:00:00+00:00,1075.0,953.6,2028.6
2025-12-30 15:00:00+00:00,1211.6,867.0,2078.6
2025-12-30 16:00:00+00:00,1234.0,820.3,2054.3
2025-12-30 17:00:00+00:00,1444.3,837.4,2281.7
2025-12-30 18:00:00+00:00,1567.5,730.4,2297.9
2025-12-30 19:00:00+00:00,1434.6,1005.9,2440.5
2025-12-30 20:00:00+00:00,1933.4,873.6,2807.0
2025-12-30 21:00:00+00:00,2155.5,694.7,2850.2
2025-12-30 22:00:00+00:00,2318.4,586.5,2904.9
2025-12-30 23:00:00+00:00,2008.3,871.2,2879.4
2025-12-31 00:00:00+00:00,1858.4,987.7,2846.2
2025-12-31 01:00:00+00:00,1827.2,985.2,2812.4
2025-12-31 02:00:00+00:00,1796.0,942.0,2737.9
2025-12-31 03:00:00+00:00,1711.9,884.1,2595.9
2025-12-31 04:00:00+00:00,1757.5,681.0,2438.5
2025-12-31 05:00:00+00:00,1658.4,652.8,2311.2
2025-12-31 06:00:00+00:00,1317.7,780.5,2098.2
2025-12-31 07:00:00+00:00,1053.0,848.4,1901.3
2025-12-31 08:00:00+00:00,1166.8,913.0,2079.9
2025-12-31 09:00:00+00:00,1402.2,881.7,2283.9
2025-12-31 10:00:00+00:00,1855.0,805.8,2660.8
2025-12-31 11:00:00+00:00,1783.5,902.1,2685.6
2025-12-31 12:00:00+00:00,1460.4,1025.1,2485.5
2025-12-31 13:00:00+00:00,1425.1,1003.4,2428.6
2025-12-31 14:00:00+00:00,1270.1,1026.6,2296.7
2025-12-31 15:00:00+00:00,1266.0,1030.0,2296.0
2025-12-31 16:00:00+00:00,1334.9,1030.5,2365.4
2025-12-31 17:00:00+00:00,1702.4,1016.8,2719.2
2025-12-31 18:00:00+00:00,1898.4,1029.3,2927.7
2025-12-31 19:00:00+00:00,1771.4,1029.4,2800.7
2025-12-31 20:00:00+00:00,2157.1,844.9,3002.1
2025-12-31 21:00:00+00:00,2295.1,701.4,2996.5
2025-12-31 22:00:00+00:00,2404.9,582.3,2987.2
2025-12-31 23:00:00+00:00,2397.5,586.9,2984.4
2026-01-01 00:00:00+00:00,2287.2,662.6,2949.8
2026-01-01 01:00:00+00:00,2377.9,580.8,2958.7
2026-01-01 02:00:00+00:00,2541.2,470.4,3011.6
2026-01-01 03:00:00+00:00,2716.0,258.2,2974.2
2026-01-01 04:00:00+00:00,2648.9,188.8,2837.7
2026-01-01 05:00:00+00:00,2555.6,190.6,2746.2
2026-01-01 06:00:00+00:00,2800.5,221.1,3021.6
2026-01-01 07:00:00+00:00,2654.6,347.2,3001.9
2026-01-01 08:00:00+00:00,2725.6,332.5,3058.1
2026-01-01 09:00:00+00:00,2602.8,267.6,2870.4
2026-01-01 10:00:00+00:00,2936.1,279.5,3215.6
2026-01-01 11:00:00+00:00,2805.1,335.8,3140.9
2026-01-01 12:00:00+00:00,2585.1,425.9,3011.0
2026-01-01 13:00:00+00:00,2646.6,384.6,3031.2
2026-01-01 14:00:00+00:00,2629.5,382.0,3011.4
2026-01-01 15:00:00+00:00,2665.0,367.0,3032.0
2026-01-01 16:00:00+00:00,2749.4,361.1,3110.5
2026-01-01 17:00:00+00:00,2679.8,386.1,3065.9
2026-01-01 18:00:00+00:00,2414.0,504.2,2918.3
2026-01-01 19:00:00+00:00,2559.5,432.8,2992.2
2026-01-01 20:00:00+00:00,2744.5,353.9,3098.4
2026-01-01 21:00:00+00:00,2706.3,314.4,3020.7
2026-01-01 22:00:00+00:00,2719.4,288.2,3007.6
2026-01-01 23:00:00+00:00,2614.0,445.8,3059.8
2026-01-02 00:00:00+00:00,2236.7,232.7,2469.4
2026-01-02 01:00:00+00:00,2186.8,312.5,2499.3
2026-01-02 02:00:00+00:00,1941.4,322.8,2264.2
2026-01-02 03:00:00+00:00,1853.8,267.4,2121.2
2026-01-02 04:00:00+00:00,2263.5,440.7,2704.1
2026-01-02 05:00:00+00:00,1963.1,922.6,2885.6
2026-01-02 06:00:00+00:00,1784.3,1015.3,2799.6
2026-01-02 07:00:00+00:00,1581.1,983.6,2564.7
2026-01-02 08:00:00+00:00,1469.0,1020.0,2489.0
2026-01-02 09:00:00+00:00,1456.5,966.5,2423.0
2026-01-02 10:00:00+00:00,1595.1,653.2,2248.3
2026-01-02 11:00:00+00:00,2079.5,399.2,2478.7
2026-01-02 12:00:00+00:00,1960.2,355.4,2315.6
2026-01-02 13:00:00+00:00,1964.1,360.1,2324.1
2026-01-02 14:00:00+00:00,1684.7,544.1,2228.8
2026-01-02 15:00:00+00:00,1513.9,434.9,1948.8
2026-01-02 16:00:00+00:00,1696.6,200.6,1897.2
2026-01-02 17:00:00+00:00,2050.9,219.9,2270.8
2026-01-02 18:00:00+00:00,1878.0,436.2,2314.2
2026-01-02 19:00:00+00:00,1493.0,829.0,2322.0
2026-01-02 20:00:00+00:00,1804.6,669.1,2473.7
2026-01-02 21:00:00+00:00,1636.2,845.6,2481.8
2026-01-02 22:00:00+00:00,1596.7,700.9,2297.5
2026-01-02 23:00:00+00:00,2040.5,859.7,2900.2
2026-01-03 00:00:00+00:00,2135.3,1002.6,3137.9
2026-01-03 01:00:00+00:00,2034.8,859.9,2894.7
2026-01-03 02:00:00+00:00,2097.1,705.2,2802.2
2026-01-03 03:00:00+00:00,2180.8,692.4,2873.2
2026-01-03 04:00:00+00:00,1750.9,911.8,2662.6
2026-01-03 05:00:00+00:00,1586.5,918.0,2504.5
2026-01-03 06:00:00+00:00,1650.2,1020.4,2670.6
2026-01-03 07:00:00+00:00,1518.0,1019.9,2537.9
2026-01-03 08:00:00+00:00,1502.5,1028.6,2531.1
2026-01-03 09:00:00+00:00,1532.9,1016.0,2548.9
2026-01-03 10:00:00+00:00,1437.4,888.2,2325.7
2026-01-03 11:00:00+00:00,1470.3,889.7,2359.9
2026-01-03 12:00:00+00:00,1398.0,971.7,2369.7
2026-01-03 13:00:00+00:00,1291.4,926.5,2217.9
2026-01-03 14:00:00+00:00,1108.0,880.8,1988.8
2026-01-03 15:00:00+00:00,1018.0,992.9,2010.8
2026-01-03 16:00:00+00:00,813.4,1000.8,1814.2
2026-01-03 17:00:00+00:00,945.8,1013.8,1959.6
2026-01-03 18:00:00+00:00,892.7,1010.5,1903.2
2026-01-03 19:00:00+00:00,920.7,1024.9,1945.6
2026-01-03 20:00:00+00:00,1085.9,1017.2,2103.1
2026-01-03 21:00:00+00:00,1144.3,1020.9,2165.2
2026-01-03 22:00:00+00:00,1066.9,1012.5,2079.4
2026-01-03 23:00:00+00:00,709.0,1014.7,1723.7
2026-01-04 00:00:00+00:00,380.9,981.0,1361.9
2026-01-04 01:00:00+00:00,9.8,1009.7,1019.5
2026-01-04 02:00:00+00:00,0.8,998.1,998.9
2026-01-04 03:00:00+00:00,-73.3,1003.0,929.7
2026-01-04 04:00:00+00:00,-15.7,1005.1,989.4
2026-01-04 05:00:00+00:00,-97.8,1030.8,933.0
2026-01-04 06:00:00+00:00,20.1,1026.7,1046.8
2026-01-04 07:00:00+00:00,156.4,1014.5,1170.9
2026-01-04 08:00:00+00:00,558.6,1030.9,1589.5
2026-01-04 09:00:00+00:00,712.5,1030.6,1743.0
2026-01-04 10:00:00+00:00,1064.5,1027.6,2092.1
2026-01-04 11:00:00+00:00,1296.1,1031.1,2327.1
2026-01-04 12:00:00+00:00,1404.4,1021.6,2426.0
2026-01-04 13:00:00+00:00,1300.4,1030.9,2331.3
2026-01-04 14:00:00+00:00,1132.2,1020.3,2152.5
2026-01-04 15:00:00+00:00,1186.8,1030.9,2217.7
2026-01-04 16:00:00+00:00,1518.5,1030.7,2549.2
2026-01-04 17:00:00+00:00,1743.8,931.6,2675.4
2026-01-04 18:00:00+00:00,1976.8,579.6,2556.4
2026-01-04 19:00:00+00:00,2195.0,447.6,2642.6
2026-01-04 20:00:00+00:00,2699.1,351.1,3050.2
2026-01-04 21:00:00+00:00,2880.5,174.7,3055.2
2026-01-04 22:00:00+00:00,2898.7,182.7,3081.3
2026-01-04 23:00:00+00:00,2754.5,142.8,2897.3
2026-01-05 00:00:00+00:00,2879.6,138.9,3018.5
2026-01-05 01:00:00+00:00,2700.3,424.3,3124.6
2026-01-05 02:00:00+00:00,2627.9,433.4,3061.3
2026-01-05 03:00:00+00:00,2516.4,213.2,2729.5
2026-01-05 04:00:00+00:00,2362.4,381.0,2743.4
2026-01-05 05:00:00+00:00,2198.9,197.8,2396.7
2026-01-05 06:00:00+00:00,1963.0,411.5,2374.5
2026-01-05 07:00:00+00:00,2004.4,636.8,2641.2
2026-01-05 08:00:00+00:00,2047.0,898.7,2945.7
2026-01-05 09:00:00+00:00,2147.1,790.3,2937.5
2026-01-05 10:00:00+00:00,2041.0,802.9,2844.0
2026-01-05 11:00:00+00:00,2146.5,904.2,3050.6
2026-01-05 12:00:00+00:00,1970.1,816.5,2786.6
2026-01-05 13:00:00+00:00,1796.7,813.7,2610.4
2026-01-05 14:00:00+00:00,1738.7,712.1,2450.8
2026-01-05 15:00:00+00:00,1603.5,842.0,2445.4
2026-01-05 16:00:00+00:00,1632.0,379.7,2011.7
2026-01-05 17:00:00+00:00,1727.4,88.6,1816.0
2026-01-05 18:00:00+00:00,1864.2,693.7,2557.9
2026-01-05 19:00:00+00:00,1620.8,734.7,2355.5
2026-01-05 20:00:00+00:00,2109.6,475.8,2585.5
2026-01-05 21:00:00+00:00,2278.8,286.9,2565.8
2026-01-05 22:00:00+00:00,2369.3,408.7,2778.0
2026-01-05 23:00:00+00:00,2096.9,754.4,2851.3
2026-01-06 00:00:00+00:00,2202.4,763.8,2966.2
2026-01-06 01:00:00+00:00,2157.8,687.5,2845.3
2026-01-06 02:00:00+00:00,2177.6,720.4,2898.0
2026-01-06 03:00:00+00:00,2228.2,688.9,2917.1
2026-01-06 04:00:00+00:00,2310.8,586.2,2897.0
2026-01-06 05:00:00+00:00,2150.1,599.7,2749.8
2026-01-06 06:00:00+00:00,1888.2,668.0,2556.2
2026-01-06 07:00:00+00:00,1525.8,643.4,2169.2
2026-01-06 08:00:00+00:00,1364.7,666.4,2031.1
2026-01-06 09:00:00+00:00,1306.6,912.2,2218.9
2026-01-06 10:00:00+00:00,1405.3,830.8,2236.0
2026-01-06 11:00:00+00:00,1366.0,769.2,2135.2
2026-01-06 12:00:00+00:00,1413.9,986.4,2400.3
2026-01-06 13:00:00+00:00,1343.6,1000.3,2343.8
2026-01-06 14:00:00+00:00,1154.7,998.0,2152.7
2026-01-06 15:00:00+00:00,815.1,1002.4,1817.5
2026-01-06 16:00:00+00:00,627.1,1009.3,1636.4
2026-01-06 17:00:00+00:00,622.0,1001.5,1623.6
2026-01-06 18:00:00+00:00,685.6,1000.8,1686.4
2026-01-06 19:00:00+00:00,710.4,999.0,1709.4
2026-01-06 20:00:00+00:00,1032.5,1008.6,2041.1
2026-01-06 21:00:00+00:00,1001.1,993.7,1994.8
2026-01-06 22:00:00+00:00,1143.8,932.2,2076.0
2026-01-06 23:00:00+00:00,1424.4,1022.5,2446.9
2026-01-07 00:00:00+00:00,1392.3,1014.6,2406.9
2026-01-07 01:00:00+00:00,1486.3,1001.2,2487.5
2026-01-07 02:00:00+00:00,1307.2,1001.4,2308.7
2026-01-07 03:00:00+00:00,1266.0,1004.9,2271.0
2026-01-07 04:00:00+00:00,1419.7,1004.0,2423.8
2026-01-07 05:00:00+00:00,1677.2,1017.2,2694.4
2026-01-07 06:00:00+00:00,1344.5,1029.6,2374.2
2026-01-07 07:00:00+00:00,1044.1,1024.1,2068.2
2026-01-07 08:00:00+00:00,888.1,1030.2,1918.3
2026-01-07 09:00:00+00:00,1052.6,1028.0,2080.6
2026-01-07 10:00:00+00:00,1268.9,1003.0,2271.9
2026-01-07 11:00:00+00:00,1516.2,1014.0,2530.2
2026-01-07 12:00:00+00:00,1520.4,1020.6,2540.9
2026-01-07 13:00:00+00:00,1684.1,1020.2,2704.2
2026-01-07 14:00:00+00:00,1586.4,1023.8,2610.2
2026-01-07 15:00:00+00:00,1289.9,1005.9,2295.8
2026-01-07 16:00:00+00:00,1452.9,1021.7,2474.6
2026-01-07 17:00:00+00:00,1462.8,1028.5,2491.3
2026-01-07 18:00:00+00:00,1567.8,1022.0,2589.9
2026-01-07 19:00:00+00:00,1582.6,1005.4,2588.0
2026-01-07 20:00:00+00:00,1639.3,1008.4,2647.7
2026-01-07 21:00:00+00:00,1707.5,1029.6,2737.1
2026-01-07 22:00:00+00:00,1975.8,1015.6,2991.4
2026-01-07 23:00:00+00:00,1694.6,1031.0,2725.6
2026-01-08 00:00:00+00:00,1808.0,1030.2,2838.2
2026-01-08 01:00:00+00:00,1826.2,1030.6,2856.8
2026-01-08 02:00:00+00:00,1848.6,1028.5,2877.1
2026-01-08 03:00:00+00:00,1817.8,1027.1,2844.9
2026-01-08 04:00:00+00:00,1723.6,1030.8,2754.5
2026-01-08 05:00:00+00:00,1276.7,1030.1,2306.8
2026-01-08 06:00:00+00:00,1312.1,1023.5,2335.7
2026-01-08 07:00:00+00:00,1462.2,1030.1,2492.3
2026-01-08 08:00:00+00:00,1600.3,1028.0,2628.4
2026-01-08 09:00:00+00:00,1655.5,1028.9,2684.5
2026-01-08 10:00:00+00:00,1575.5,1029.7,2605.2
2026-01-08 11:00:00+00:00,1602.0,1028.2,2630.2
2026-01-08 12:00:00+00:00,1461.3,1029.0,2490.3
2026-01-08 13:00:00+00:00,1448.7,1027.7,2476.5
2026-01-08 14:00:00+00:00,1336.8,1018.6,2355.4
2026-01-08 15:00:00+00:00,1206.3,1024.6,2230.9
2026-01-08 16:00:00+00:00,1220.4,1030.3,2250.6
2026-01-08 17:00:00+00:00,1254.2,1030.2,2284.4
2026-01-08 18:00:00+00:00,1267.6,1029.6,2297.3
2026-01-08 19:00:00+00:00,1607.6,1029.5,2637.0
2026-01-08 20:00:00+00:00,1907.1,1030.3,2937.5
2026-01-08 21:00:00+00:00,1929.1,1029.3,2958.4
2026-01-08 22:00:00+00:00,2070.8,1003.7,3074.5
2026-01-08 23:00:00+00:00,2041.3,929.0,2970.3
2026-01-09 00:00:00+00:00,2099.4,872.2,2971.6
2026-01-09 01:00:00+00:00,2359.1,721.6,3080.7
2026-01-09 02:00:00+00:00,2324.4,637.1,2961.4
2026-01-09 03:00:00+00:00,2286.9,649.4,2936.3
2026-01-09 04:00:00+00:00,2487.3,653.9,3141.3
2026-01-09 05:00:00+00:00,2215.1,574.0,2789.1
2026-01-09 06:00:00+00:00,2292.8,425.6,2718.3
2026-01-09 07:00:00+00:00,2477.0,424.2,2901.3
2026-01-09 08:00:00+00:00,2328.5,701.8,3030.2
2026-01-09 09:00:00+00:00,2307.6,632.4,2940.0
2026-01-09 10:00:00+00:00,2368.8,373.5,2742.3
2026-01-09 11:00:00+00:00,2526.3,353.8,2880.0
2026-01-09 12:00:00+00:00,2514.8,495.6,3010.3
2026-01-09 13:00:00+00:00,2199.9,592.7,2792.6
2026-01-09 14:00:00+00:00,2027.7,716.9,2744.6
2026-01-09 15:00:00+00:00,1499.3,997.6,2496.9
2026-01-09 16:00:00+00:00,948.6,868.9,1817.5
2026-01-09 17:00:00+00:00,862.7,812.2,1674.9
2026-01-09 18:00:00+00:00,1023.1,741.1,1764.2
2026-01-09 19:00:00+00:00,971.3,938.3,1909.6
2026-01-09 20:00:00+00:00,1165.7,703.5,1869.2
2026-01-09 21:00:00+00:00,1103.3,774.8,1878.1
2026-01-09 22:00:00+00:00,1174.5,696.5,1871.1
2026-01-09 23:00:00+00:00,708.8,711.9,1420.8
2026-01-10 00:00:00+00:00,640.2,754.6,1394.8
2026-01-10 01:00:00+00:00,469.1,739.4,1208.4
2026-01-10 02:00:00+00:00,372.0,713.2,1085.2
2026-01-10 03:00:00+00:00,417.1,751.8,1168.8
2026-01-10 04:00:00+00:00,192.2,754.7,946.9
2026-01-10 05:00:00+00:00,94.7,836.2,930.9
2026-01-10 06:00:00+00:00,-84.5,864.2,779.6
2026-01-10 07:00:00+00:00,-168.8,953.9,785.1
2026-01-10 08:00:00+00:00,-308.3,1018.9,710.7
2026-01-10 09:00:00+00:00,-197.6,1022.7,825.1
2026-01-10 10:00:00+00:00,-445.8,1022.9,577.1
2026-01-10 11:00:00+00:00,-734.4,1021.2,286.8
2026-01-10 12:00:00+00:00,-875.5,1024.0,148.5
2026-01-10 13:00:00+00:00,-585.3,1012.9,427.5
2026-01-10 14:00:00+00:00,-616.0,1028.9,412.9
2026-01-10 15:00:00+00:00,-799.4,1008.7,209.2
2026-01-10 16:00:00+00:00,-853.0,1005.0,152.0
2026-01-10 17:00:00+00:00,-1076.2,1011.3,-64.9
2026-01-10 18:00:00+00:00,-1238.3,1030.5,-207.7
2026-01-10 19:00:00+00:00,-1124.5,1030.3,-94.1
2026-01-10 20:00:00+00:00,-651.1,1030.6,379.4
2026-01-10 21:00:00+00:00,-756.4,1023.6,267.2
2026-01-10 22:00:00+00:00,-967.2,1003.8,36.5
2026-01-10 23:00:00+00:00,-1374.9,1005.7,-369.1
2026-01-11 00:00:00+00:00,-1355.4,1028.5,-326.9
2026-01-11 01:00:00+00:00,-1311.5,1008.5,-303.0
2026-01-11 02:00:00+00:00,-1448.0,1001.0,-447.0
2026-01-11 03:00:00+00:00,-1615.2,1001.2,-614.0
2026-01-11 04:00:00+00:00,-1695.6,1000.2,-695.4
2026-01-11 05:00:00+00:00,-1608.5,1007.6,-600.9
2026-01-11 06:00:00+00:00,-1517.2,1025.5,-491.7
2026-01-11 07:00:00+00:00,-1441.7,1030.4,-411.3
2026-01-11 08:00:00+00:00,-1181.9,1030.4,-151.4
2026-01-11 09:00:00+00:00,-771.8,1019.8,248.0
2026-01-11 10:00:00+00:00,-325.2,1020.3,695.1
2026-01-11 11:00:00+00:00,-44.3,1021.1,976.7
2026-01-11 12:00:00+00:00,2.4,1022.9,1025.3
2026-01-11 13:00:00+00:00,214.8,1015.0,1229.8
2026-01-11 14:00:00+00:00,339.1,1028.3,1367.4
2026-01-11 15:00:00+00:00,172.4,1018.9,1191.3
2026-01-11 16:00:00+00:00,162.9,1030.3,1193.3
2026-01-11 17:00:00+00:00,151.7,1016.9,1168.6
2026-01-11 18:00:00+00:00,182.5,1012.1,1194.6
2026-01-11 19:00:00+00:00,252.7,1008.3,1261.0
2026-01-11 20:00:00+00:00,760.7,1005.6,1766.4
2026-01-11 21:00:00+00:00,675.6,940.0,1615.6
2026-01-11 22:00:00+00:00,717.0,886.8,1603.9
2026-01-11 23:00:00+00:00,455.8,1024.7,1480.4
2026-01-12 00:00:00+00:00,283.5,993.0,1276.5
2026-01-12 01:00:00+00:00,51.7,934.8,986.5
2026-01-12 02:00:00+00:00,207.3,964.9,1172.2
2026-01-12 03:00:00+00:00,98.2,994.2,1092.4
2026-01-12 04:00:00+00:00,91.5,1017.0,1108.5
2026-01-12 05:00:00+00:00,-113.4,1024.3,910.8
2026-01-12 06:00:00+00:00,-54.2,1021.7,967.5
2026-01-12 07:00:00+00:00,-182.5,1023.5,841.0
2026-01-12 08:00:00+00:00,-421.5,1009.9,588.4
2026-01-12 09:00:00+00:00,-533.2,1020.2,487.0
2026-01-12 10:00:00+00:00,-379.8,1011.2,631.3
2026-01-12 11:00:00+00:00,-195.4,1019.0,823.6
2026-01-12 12:00:00+00:00,-96.1,1018.8,922.6
2026-01-12 13:00:00+00:00,256.6,1029.9,1286.5
2026-01-12 14:00:00+00:00,330.1,1009.7,1339.9
2026-01-12 15:00:00+00:00,-91.6,1011.5,919.8
2026-01-12 16:00:00+00:00,-161.8,1006.6,844.8
2026-01-12 17:00:00+00:00,281.4,1002.9,1284.3
2026-01-12 18:00:00+00:00,301.0,1009.4,1310.4
2026-01-12 19:00:00+00:00,775.6,1027.2,1802.9
2026-01-12 20:00:00+00:00,951.3,1018.0,1969.3
2026-01-12 21:00:00+00:00,1126.7,1010.1,2136.8
2026-01-12 22:00:00+00:00,1343.4,999.9,2343.3
2026-01-12 23:00:00+00:00,1556.4,1019.9,2576.3
2026-01-13 00:00:00+00:00,1527.8,1004.1,2531.9
2026-01-13 01:00:00+00:00,1850.5,1027.0,2877.4
2026-01-13 02:00:00+00:00,1919.0,1021.1,2940.1
2026-01-13 03:00:00+00:00,2001.4,1028.1,3029.6
2026-01-13 04:00:00+00:00,1872.0,976.3,2848.3
2026-01-13 05:00:00+00:00,1603.4,1012.2,2615.6
2026-01-13 06:00:00+00:00,1347.0,1010.3,2357.3
2026-01-13 07:00:00+00:00,1370.2,1028.0,2398.3
2026-01-13 08:00:00+00:00,1445.8,1029.9,2475.6
2026-01-13 09:00:00+00:00,1560.3,1023.1,2583.5
2026-01-13 10:00:00+00:00,1465.7,1004.0,2469.7
2026-01-13 11:00:00+00:00,1644.2,1024.1,2668.3
2026-01-13 12:00:00+00:00,1812.0,985.6,2797.6
2026-01-13 13:00:00+00:00,1901.7,997.8,2899.6
2026-01-13 14:00:00+00:00,1926.6,1000.1,2926.7
2026-01-13 15:00:00+00:00,1889.5,989.8,2879.3
2026-01-13 16:00:00+00:00,1976.4,879.1,2855.4
2026-01-13 17:00:00+00:00,1975.3,862.8,2838.1
2026-01-13 18:00:00+00:00,1983.0,1003.0,2986.0
2026-01-13 19:00:00+00:00,1863.0,992.7,2855.8
2026-01-13 20:00:00+00:00,2038.6,919.4,2958.0
2026-01-13 21:00:00+00:00,1926.0,971.1,2897.2
2026-01-13 22:00:00+00:00,2098.0,912.1,3010.1
2026-01-13 23:00:00+00:00,2175.6,895.6,3071.3
2026-01-14 00:00:00+00:00,2176.5,859.3,3035.8
2026-01-14 01:00:00+00:00,2223.8,794.0,3017.8
2026-01-14 02:00:00+00:00,2274.2,786.5,3060.7
2026-01-14 03:00:00+00:00,2096.9,823.4,2920.3
2026-01-14 04:00:00+00:00,2046.1,893.3,2939.4
2026-01-14 05:00:00+00:00,1821.9,1014.3,2836.2
2026-01-14 06:00:00+00:00,1880.0,1018.2,2898.2
2026-01-14 07:00:00+00:00,1716.9,1018.8,2735.8
2026-01-14 08:00:00+00:00,1739.2,1029.9,2769.1
2026-01-14 09:00:00+00:00,1689.4,1013.0,2702.4
2026-01-14 10:00:00+00:00,1526.3,1027.5,2553.7
2026-01-14 11:00:00+00:00,1652.6,1023.5,2676.1
2026-01-14 12:00:00+00:00,1370.5,1015.8,2386.3
2026-01-14 13:00:00+00:00,1574.9,1029.3,2604.2
2026-01-14 14:00:00+00:00,1488.7,1016.6,2505.3
2026-01-14 15:00:00+00:00,1297.7,1011.0,2308.6
2026-01-14 16:00:00+00:00,1271.5,1016.4,2288.0
2026-01-14 17:00:00+00:00,1147.3,1023.9,2171.1
2026-01-14 18:00:00+00:00,869.3,1002.8,1872.1
2026-01-14 19:00:00+00:00,401.3,1004.1,1405.4
2026-01-14 20:00:00+00:00,389.7,1002.4,1392.1
2026-01-14 21:00:00+00:00,307.6,1000.2,1307.7
2026-01-14 22:00:00+00:00,137.8,1021.1,1158.9
2026-01-14 23:00:00+00:00,-233.2,1028.6,795.4
2026-01-15 00:00:00+00:00,-378.9,1015.2,636.3
2026-01-15 01:00:00+00:00,-509.4,1019.6,510.2
2026-01-15 02:00:00+00:00,-524.5,1013.1,488.6
2026-01-15 03:00:00+00:00,-315.4,1000.0,684.6
2026-01-15 04:00:00+00:00,49.0,998.8,1047.9
2026-01-15 05:00:00+00:00,71.2,1010.7,1081.9
2026-01-15 06:00:00+00:00,255.9,1020.5,1276.4
2026-01-15 07:00:00+00:00,82.9,1000.3,1083.2
2026-01-15 08:00:00+00:00,456.6,1016.6,1473.2
2026-01-15 09:00:00+00:00,774.1,1029.9,1804.0
2026-01-15 10:00:00+00:00,1104.1,1030.1,2134.2
2026-01-15 11:00:00+00:00,1491.2,1028.7,2519.9
2026-01-15 12:00:00+00:00,1142.6,1022.8,2165.3
2026-01-15 13:00:00+00:00,1139.9,1014.2,2154.1
2026-01-15 14:00:00+00:00,1145.6,1014.7,2160.3
2026-01-15 15:00:00+00:00,898.9,1009.4,1908.4
2026-01-15 16:00:00+00:00,849.7,1019.2,1868.8
2026-01-15 17:00:00+00:00,1093.4,1021.7,2115.1
2026-01-15 18:00:00+00:00,1140.6,1004.5,2145.1
2026-01-15 19:00:00+00:00,1159.3,1000.9,2160.2
2026-01-15 20:00:00+00:00,1595.0,985.4,2580.5
2026-01-15 21:00:00+00:00,1415.1,1011.2,2426.3
2026-01-15 22:00:00+00:00,1434.7,965.5,2400.2
2026-01-15 23:00:00+00:00,1341.5,1008.1,2349.6
2026-01-16 00:00:00+00:00,1140.1,1024.5,2164.7
2026-01-16 01:00:00+00:00,1183.5,1029.1,2212.7
2026-01-16 02:00:00+00:00,964.8,1028.2,1993.0
2026-01-16 03:00:00+00:00,882.2,1017.7,1899.9
2026-01-16 04:00:00+00:00,1022.9,1014.7,2037.6
2026-01-16 05:00:00+00:00,829.8,1023.7,1853.5
2026-01-16 06:00:00+00:00,610.0,1009.8,1619.8
2026-01-16 07:00:00+00:00,546.5,1014.9,1561.4
2026-01-16 08:00:00+00:00,404.4,1019.5,1423.8
2026-01-16 09:00:00+00:00,335.1,1030.2,1365.2
2026-01-16 10:00:00+00:00,159.8,1025.6,1185.4
2026-01-16 11:00:00+00:00,-333.2,1012.7,679.5
2026-01-16 12:00:00+00:00,-540.5,1029.8,489.4
2026-01-16 13:00:00+00:00,-613.4,1030.0,416.6
2026-01-16 14:00:00+00:00,-223.8,1019.1,795.3
2026-01-16 15:00:00+00:00,-190.5,1009.4,819.0
2026-01-16 16:00:00+00:00,-131.6,1016.7,885.1
2026-01-16 17:00:00+00:00,149.4,1016.1,1165.5
2026-01-16 18:00:00+00:00,195.9,1013.7,1209.6
2026-01-16 19:00:00+00:00,138.9,1013.2,1152.1
2026-01-16 20:00:00+00:00,123.4,1008.4,1131.8
2026-01-16 21:00:00+00:00,-147.4,1009.0,861.6
2026-01-16 22:00:00+00:00,10.3,993.1,1003.3
2026-01-16 23:00:00+00:00,-36.4,936.0,899.6
2026-01-17 00:00:00+00:00,-101.3,965.5,864.2
2026-01-17 01:00:00+00:00,-135.2,935.5,800.4
2026-01-17 02:00:00+00:00,-128.7,957.0,828.3
2026-01-17 03:00:00+00:00,10.9,1014.3,1025.1
2026-01-17 04:00:00+00:00,32.3,940.2,972.5
2026-01-17 05:00:00+00:00,-34.3,901.6,867.2
2026-01-17 06:00:00+00:00,3.7,930.1,933.8
2026-01-17 07:00:00+00:00,-305.4,999.6,694.3
2026-01-17 08:00:00+00:00,-482.1,955.1,473.0
2026-01-17 09:00:00+00:00,-534.3,977.1,442.8
2026-01-17 10:00:00+00:00,-480.2,1028.5,548.3
2026-01-17 11:00:00+00:00,-209.0,1022.1,813.1
2026-01-17 12:00:00+00:00,-251.2,1013.8,762.6
2026-01-17 13:00:00+00:00,-42.5,1021.4,978.9
2026-01-17 14:00:00+00:00,517.5,1018.0,1535.5
2026-01-17 15:00:00+00:00,773.9,1020.7,1794.7
2026-01-17 16:00:00+00:00,717.6,1021.5,1739.1
2026-01-17 17:00:00+00:00,559.7,866.4,1426.1
2026-01-17 18:00:00+00:00,497.7,917.4,1415.2
2026-01-17 19:00:00+00:00,545.3,1006.9,1552.2
2026-01-17 20:00:00+00:00,650.4,1020.8,1671.2
2026-01-17 21:00:00+00:00,720.6,1027.4,1748.0
2026-01-17 22:00:00+00:00,858.4,1029.9,1888.3
2026-01-17 23:00:00+00:00,454.8,1029.9,1484.7
2026-01-18 00:00:00+00:00,454.7,1030.2,1484.9
2026-01-18 01:00:00+00:00,341.3,1028.7,1370.0
2026-01-18 02:00:00+00:00,451.8,1030.0,1481.8
2026-01-18 03:00:00+00:00,544.7,1029.4,1574.1
2026-01-18 04:00:00+00:00,572.0,1029.9,1601.9
2026-01-18 05:00:00+00:00,470.5,1030.1,1500.6
2026-01-18 06:00:00+00:00,754.3,1029.6,1783.9
2026-01-18 07:00:00+00:00,841.1,1015.4,1856.5
2026-01-18 08:00:00+00:00,1048.3,1022.5,2070.8
2026-01-18 09:00:00+00:00,1010.6,1024.8,2035.4
2026-01-18 10:00:00+00:00,1348.6,1028.3,2376.9
2026-01-18 11:00:00+00:00,1405.1,894.3,2299.3
2026-01-18 12:00:00+00:00,1222.3,987.3,2209.6
2026-01-18 13:00:00+00:00,1094.2,1026.4,2120.6
2026-01-18 14:00:00+00:00,1110.4,1008.3,2118.8
2026-01-18 15:00:00+00:00,1116.5,1026.3,2142.8
2026-01-18 16:00:00+00:00,1040.0,1029.9,2069.9
2026-01-18 17:00:00+00:00,927.1,1021.6,1948.7
2026-01-18 18:00:00+00:00,971.8,1027.7,1999.5
2026-01-18 19:00:00+00:00,800.9,987.3,1788.3
2026-01-18 20:00:00+00:00,1139.5,941.3,2080.8
2026-01-18 21:00:00+00:00,1303.9,983.8,2287.7
2026-01-18 22:00:00+00:00,1426.9,970.2,2397.1
2026-01-18 23:00:00+00:00,1423.2,961.1,2384.4
2026-01-19 00:00:00+00:00,1308.8,1028.2,2337.0
2026-01-19 01:00:00+00:00,1331.2,1029.8,2361.0
2026-01-19 02:00:00+00:00,1353.6,1027.9,2381.6
2026-01-19 03:00:00+00:00,1387.6,980.2,2367.8
2026-01-19 04:00:00+00:00,1734.1,1027.5,2761.5
2026-01-19 05:00:00+00:00,1641.9,1017.3,2659.2
2026-01-19 06:00:00+00:00,1349.4,1014.6,2364.0
2026-01-19 07:00:00+00:00,1098.2,1017.2,2115.4
2026-01-19 08:00:00+00:00,1259.6,1006.0,2265.6
2026-01-19 09:00:00+00:00,1661.1,963.6,2624.7
2026-01-19 10:00:00+00:00,1693.3,1020.6,2713.8
2026-01-19 11:00:00+00:00,1787.4,1028.0,2815.4
2026-01-19 12:00:00+00:00,1881.4,1029.9,2911.3
2026-01-19 13:00:00+00:00,1609.1,1021.2,2630.3
2026-01-19 14:00:00+00:00,1366.2,1026.5,2392.7
2026-01-19 15:00:00+00:00,1146.5,1021.0,2167.5
2026-01-19 16:00:00+00:00,1264.8,1030.1,2294.9
2026-01-19 17:00:00+00:00,1122.2,1030.1,2152.3
2026-01-19 18:00:00+00:00,1127.9,1026.8,2154.6
2026-01-19 19:00:00+00:00,966.0,1028.7,1994.7
2026-01-19 20:00:00+00:00,1277.7,1026.0,2303.7
2026-01-19 21:00:00+00:00,1224.2,1022.9,2247.2
2026-01-19 22:00:00+00:00,1180.6,1028.1,2208.7
2026-01-19 23:00:00+00:00,1098.8,1030.2,2128.9
2026-01-20 00:00:00+00:00,1160.7,1030.1,2190.8
2026-01-20 01:00:00+00:00,1133.6,1020.2,2153.8
2026-01-20 02:00:00+00:00,1139.1,1030.1,2169.2
2026-01-20 03:00:00+00:00,1186.7,1029.9,2216.5
2026-01-20 04:00:00+00:00,1406.6,1029.9,2436.5
2026-01-20 05:00:00+00:00,1047.1,1015.2,2062.4
2026-01-20 06:00:00+00:00,996.4,1029.3,2025.7
2026-01-20 07:00:00+00:00,1097.5,661.5,1759.0
2026-01-20 08:00:00+00:00,1222.8,804.5,2027.3
2026-01-20 09:00:00+00:00,1108.1,1029.4,2137.5
2026-01-20 10:00:00+00:00,1516.9,1029.1,2546.0
2026-01-20 11:00:00+00:00,1661.3,1018.0,2679.3
2026-01-20 12:00:00+00:00,1699.5,1027.8,2727.2
2026-01-20 13:00:00+00:00,1510.7,1024.3,2535.0
2026-01-20 14:00:00+00:00,1161.2,1011.2,2172.5
2026-01-20 15:00:00+00:00,1038.8,1000.8,2039.5
2026-01-20 16:00:00+00:00,848.5,1000.1,1848.6
2026-01-20 17:00:00+00:00,1044.7,1027.0,2071.7
2026-01-20 18:00:00+00:00,952.2,1027.3,1979.5
2026-01-20 19:00:00+00:00,785.1,1025.7,1810.8
2026-01-20 20:00:00+00:00,1057.3,1026.8,2084.1
2026-01-20 21:00:00+00:00,1153.2,1017.3,2170.4
2026-01-20 22:00:00+00:00,1451.6,1025.0,2476.5
2026-01-20 23:00:00+00:00,1692.8,1000.2,2693.0
2026-01-21 00:00:00+00:00,1850.7,1017.0,2867.7
2026-01-21 01:00:00+00:00,1900.5,1013.6,2914.1
2026-01-21 02:00:00+00:00,1890.6,1020.0,2910.6
2026-01-21 03:00:00+00:00,1833.8,1010.5,2844.3
2026-01-21 04:00:00+00:00,1879.0,1001.7,2880.8
2026-01-21 05:00:00+00:00,1753.0,1030.1,2783.0
2026-01-21 06:00:00+00:00,1534.2,1030.1,2564.3
2026-01-21 07:00:00+00:00,1452.4,1029.5,2481.9
2026-01-21 08:00:00+00:00,1750.5,1020.6,2771.1
2026-01-21 09:00:00+00:00,1955.9,1012.0,2967.9
2026-01-21 10:00:00+00:00,1893.9,1017.0,2910.9
2026-01-21 11:00:00+00:00,1901.6,1010.3,2911.9
2026-01-21 12:00:00+00:00,1963.8,1027.3,2991.1
2026-01-21 13:00:00+00:00,1880.4,987.3,2867.6
2026-01-21 14:00:00+00:00,1806.9,995.6,2802.5
2026-01-21 15:00:00+00:00,1666.7,999.4,2666.1
2026-01-21 16:00:00+00:00,1735.2,942.5,2677.8
2026-01-21 17:00:00+00:00,1889.7,920.3,2810.0
2026-01-21 18:00:00+00:00,2074.0,718.3,2792.3
2026-01-21 19:00:00+00:00,1775.2,779.2,2554.4
2026-01-21 20:00:00+00:00,2147.2,718.7,2865.9
2026-01-21 21:00:00+00:00,2177.7,737.4,2915.1
2026-01-21 22:00:00+00:00,2221.3,540.2,2761.5
2026-01-21 23:00:00+00:00,2152.8,914.4,3067.3
2026-01-22 00:00:00+00:00,2111.6,958.9,3070.5
2026-01-22 01:00:00+00:00,2145.5,960.6,3106.0
2026-01-22 02:00:00+00:00,2230.9,841.7,3072.6
2026-01-22 03:00:00+00:00,2324.7,746.1,3070.8
2026-01-22 04:00:00+00:00,2368.4,714.2,3082.6
2026-01-22 05:00:00+00:00,2302.0,768.1,3070.1
2026-01-22 06:00:00+00:00,2030.3,955.6,2985.9
2026-01-22 07:00:00+00:00,2070.8,1021.8,3092.6
2026-01-22 08:00:00+00:00,2072.5,941.0,3013.5
2026-01-22 09:00:00+00:00,2100.9,853.6,2954.6
2026-01-22 10:00:00+00:00,2257.7,817.0,3074.6
2026-01-22 11:00:00+00:00,2233.0,892.8,3125.8
2026-01-22 12:00:00+00:00,2181.1,870.1,3051.2
2026-01-22 13:00:00+00:00,2160.6,777.1,2937.7
2026-01-22 14:00:00+00:00,2185.5,824.4,3009.9
2026-01-22 15:00:00+00:00,2174.2,828.5,3002.8
2026-01-22 16:00:00+00:00,2235.2,725.5,2960.8
2026-01-22 17:00:00+00:00,2393.5,562.4,2955.9
2026-01-22 18:00:00+00:00,2468.9,510.9,2979.8
2026-01-22 19:00:00+00:00,2367.2,443.3,2810.5
2026-01-22 20:00:00+00:00,2700.1,268.1,2968.2
2026-01-22 21:00:00+00:00,2712.3,308.6,3021.0
2026-01-22 22:00:00+00:00,2725.2,336.7,3061.9
2026-01-22 23:00:00+00:00,2538.8,429.2,2968.0
2026-01-23 00:00:00+00:00,2494.9,477.2,2972.1
2026-01-23 01:00:00+00:00,2459.3,541.6,3000.9
2026-01-23 02:00:00+00:00,2453.1,538.2,2991.3
2026-01-23 03:00:00+00:00,2594.3,554.1,3148.4
2026-01-23 04:00:00+00:00,2634.1,360.0,2994.1
2026-01-23 05:00:00+00:00,2599.2,374.4,2973.7
2026-01-23 06:00:00+00:00,2587.7,477.4,3065.0
2026-01-23 07:00:00+00:00,2444.1,557.8,3001.9
2026-01-23 08:00:00+00:00,2473.6,541.2,3014.8
2026-01-23 09:00:00+00:00,2432.9,558.0,2990.9
2026-01-23 10:00:00+00:00,2494.4,606.5,3100.8
2026-01-23 11:00:00+00:00,2346.9,568.7,2915.5
2026-01-23 12:00:00+00:00,2541.1,574.6,3115.7
2026-01-23 13:00:00+00:00,2472.5,534.6,3007.1
2026-01-23 14:00:00+00:00,2526.1,488.7,3014.8
2026-01-23 15:00:00+00:00,2666.6,347.5,3014.2
2026-01-23 16:00:00+00:00,2651.9,314.4,2966.3
2026-01-23 17:00:00+00:00,2778.7,229.1,3007.7
2026-01-23 18:00:00+00:00,2760.4,208.1,2968.5
2026-01-23 19:00:00+00:00,2560.5,525.0,3085.5
2026-01-23 20:00:00+00:00,2621.7,510.3,3132.0
2026-01-23 21:00:00+00:00,2552.1,343.5,2895.7
2026-01-23 22:00:00+00:00,2862.6,118.6,2981.2
2026-01-23 23:00:00+00:00,2816.7,53.6,2870.3
2026-01-24 00:00:00+00:00,2835.4,63.9,2899.3
2026-01-24 01:00:00+00:00,2882.3,174.9,3057.2
2026-01-24 02:00:00+00:00,2955.2,106.8,3062.1
2026-01-24 03:00:00+00:00,2980.9,66.2,3047.0
2026-01-24 04:00:00+00:00,2885.2,187.1,3072.2
2026-01-24 05:00:00+00:00,2676.6,333.4,3010.0
2026-01-24 06:00:00+00:00,2547.9,495.4,3043.3
2026-01-24 07:00:00+00:00,2423.2,606.9,3030.1
2026-01-24 08:00:00+00:00,2289.6,696.8,2986.4
2026-01-24 09:00:00+00:00,2216.6,805.3,3021.9
2026-01-24 10:00:00+00:00,2253.6,793.3,3047.0
2026-01-24 11:00:00+00:00,2364.1,714.4,3078.5
2026-01-24 12:00:00+00:00,2184.0,872.9,3056.9
2026-01-24 13:00:00+00:00,2144.3,884.0,3028.4
2026-01-24 14:00:00+00:00,2265.5,802.5,3068.0
2026-01-24 15:00:00+00:00,2352.5,672.7,3025.2
2026-01-24 16:00:00+00:00,2424.9,483.1,2908.0
2026-01-24 17:00:00+00:00,2439.9,511.6,2951.4
2026-01-24 18:00:00+00:00,2426.4,535.5,2961.8
2026-01-24 19:00:00+00:00,2269.0,481.2,2750.2
2026-01-24 20:00:00+00:00,2415.8,338.1,2753.9
2026-01-24 21:00:00+00:00,2247.6,369.9,2617.6
2026-01-24 22:00:00+00:00,2191.2,792.1,2983.4
2026-01-24 23:00:00+00:00,2083.2,788.9,2872.1
2026-01-25 00:00:00+00:00,2022.5,970.0,2992.5
2026-01-25 01:00:00+00:00,2017.0,925.8,2942.8
2026-01-25 02:00:00+00:00,2041.0,978.5,3019.5
2026-01-25 03:00:00+00:00,1907.0,1019.8,2926.7
2026-01-25 04:00:00+00:00,1809.3,1029.2,2838.5
2026-01-25 05:00:00+00:00,1757.4,1028.2,2785.6
2026-01-25 06:00:00+00:00,1530.8,835.8,2366.5
2026-01-25 07:00:00+00:00,1474.3,1018.3,2492.6
2026-01-25 08:00:00+00:00,1358.7,1004.1,2362.8
2026-01-25 09:00:00+00:00,1332.4,990.5,2322.9
2026-01-25 10:00:00+00:00,1015.7,987.5,2003.2
2026-01-25 11:00:00+00:00,993.6,1008.7,2002.3
2026-01-25 12:00:00+00:00,1273.1,1013.8,2286.9
2026-01-25 13:00:00+00:00,1122.4,972.5,2094.9
2026-01-25 14:00:00+00:00,1180.5,970.8,2151.3
2026-01-25 15:00:00+00:00,1179.9,951.7,2131.6
2026-01-25 16:00:00+00:00,997.6,910.3,1908.0
2026-01-25 17:00:00+00:00,842.3,902.6,1744.9
2026-01-25 18:00:00+00:00,816.4,938.8,1755.2
2026-01-25 19:00:00+00:00,816.4,854.0,1670.4
2026-01-25 20:00:00+00:00,1217.3,967.1,2184.4
2026-01-25 21:00:00+00:00,1415.9,768.9,2184.8
2026-01-25 22:00:00+00:00,1468.9,856.0,2325.0
2026-01-25 23:00:00+00:00,1518.1,1008.0,2526.1
2026-01-26 00:00:00+00:00,1770.8,808.1,2578.9
2026-01-26 01:00:00+00:00,1985.0,940.8,2925.9
2026-01-26 02:00:00+00:00,2318.1,811.2,3129.3
2026-01-26 03:00:00+00:00,2390.9,622.0,3012.9
2026-01-26 04:00:00+00:00,2297.6,831.6,3129.3
2026-01-26 05:00:00+00:00,2162.6,977.2,3139.8
2026-01-26 06:00:00+00:00,2073.1,1025.6,3098.6
2026-01-26 07:00:00+00:00,1734.6,1013.0,2747.6
2026-01-26 08:00:00+00:00,1652.1,1019.4,2671.5
2026-01-26 09:00:00+00:00,1765.1,1030.0,2795.1
2026-01-26 10:00:00+00:00,1833.1,1029.5,2862.6
2026-01-26 11:00:00+00:00,1644.8,1029.6,2674.4
2026-01-26 12:00:00+00:00,1507.5,1013.9,2521.3
2026-01-26 13:00:00+00:00,1431.2,1015.9,2447.1
2026-01-26 14:00:00+00:00,1644.9,1026.4,2671.4
2026-01-26 15:00:00+00:00,1575.6,1029.9,2605.5
2026-01-26 16:00:00+00:00,1398.7,1024.0,2422.7
2026-01-26 17:00:00+00:00,1349.4,1022.5,2371.9
2026-01-26 18:00:00+00:00,1331.2,1010.0,2341.2
2026-01-26 19:00:00+00:00,1413.8,1016.5,2430.3
2026-01-26 20:00:00+00:00,1788.6,1018.0,2806.5
2026-01-26 21:00:00+00:00,1825.2,956.6,2781.9
2026-01-26 22:00:00+00:00,1811.6,964.4,2776.0
2026-01-26 23:00:00+00:00,1757.3,953.0,2710.3
2026-01-27 00:00:00+00:00,1660.1,985.6,2645.6
2026-01-27 01:00:00+00:00,1608.1,936.0,2544.1
2026-01-27 02:00:00+00:00,1566.5,1010.6,2577.1
2026-01-27 03:00:00+00:00,1647.8,961.3,2609.1
2026-01-27 04:00:00+00:00,1903.6,822.8,2726.4
2026-01-27 05:00:00+00:00,1931.9,821.3,2753.2
2026-01-27 06:00:00+00:00,1625.3,1002.5,2627.7
2026-01-27 07:00:00+00:00,1562.2,1022.8,2585.0
2026-01-27 08:00:00+00:00,1525.4,1014.2,2539.6
2026-01-27 09:00:00+00:00,1604.1,969.5,2573.6
2026-01-27 10:00:00+00:00,1882.0,880.3,2762.3
2026-01-27 11:00:00+00:00,2019.7,959.1,2978.8
2026-01-27 12:00:00+00:00,2070.8,907.7,2978.4
2026-01-27 13:00:00+00:00,1999.1,941.2,2940.3
2026-01-27 14:00:00+00:00,2169.2,935.6,3104.7
2026-01-27 15:00:00+00:00,2204.4,780.5,2984.8
2026-01-27 16:00:00+00:00,2216.7,693.2,2909.8
2026-01-27 17:00:00+00:00,2307.4,670.5,2978.0
2026-01-27 18:00:00+00:00,2133.4,653.9,2787.3
2026-01-27 19:00:00+00:00,2024.9,687.3,2712.2
2026-01-27 20:00:00+00:00,2546.8,432.1,2978.9
2026-01-27 21:00:00+00:00,2480.1,514.3,2994.3
2026-01-27 22:00:00+00:00,2539.5,500.7,3040.2
2026-01-27 23:00:00+00:00,2289.8,674.5,2964.4
2026-01-28 00:00:00+00:00,2280.9,603.6,2884.5
2026-01-28 01:00:00+00:00,2466.1,552.0,3018.0
2026-01-28 02:00:00+00:00,2343.3,557.2,2900.5
2026-01-28 03:00:00+00:00,2512.0,589.3,3101.3
2026-01-28 04:00:00+00:00,2638.2,460.6,3098.8
2026-01-28 05:00:00+00:00,2582.0,376.8,2958.7
2026-01-28 06:00:00+00:00,2490.3,577.9,3068.2
2026-01-28 07:00:00+00:00,2566.3,643.0,3209.3
2026-01-28 08:00:00+00:00,2424.3,684.7,3109.0
2026-01-28 09:00:00+00:00,2621.0,397.8,3018.8
2026-01-28 10:00:00+00:00,2544.9,478.3,3023.1
2026-01-28 11:00:00+00:00,2521.4,584.9,3106.3
2026-01-28 12:00:00+00:00,2521.3,583.7,3105.0
2026-01-28 13:00:00+00:00,2384.7,506.5,2891.2
2026-01-28 14:00:00+00:00,2558.6,464.9,3023.5
2026-01-28 15:00:00+00:00,2670.6,352.4,3023.0
2026-01-28 16:00:00+00:00,2675.8,384.9,3060.7
2026-01-28 17:00:00+00:00,2790.7,276.6,3067.3
2026-01-28 18:00:00+00:00,2711.2,227.2,2938.4
2026-01-28 19:00:00+00:00,2674.3,195.6,2869.9
2026-01-28 20:00:00+00:00,2777.7,54.6,2832.2
2026-01-28 21:00:00+00:00,2469.4,256.2,2725.7
2026-01-28 22:00:00+00:00,2456.1,137.1,2593.2
2026-01-28 23:00:00+00:00,2458.2,67.7,2525.8
2026-01-29 00:00:00+00:00,2481.3,75.4,2556.6
2026-01-29 01:00:00+00:00,2480.6,37.9,2518.6
2026-01-29 02:00:00+00:00,2462.9,-57.4,2405.5
2026-01-29 03:00:00+00:00,2563.1,-151.2,2411.9
2026-01-29 04:00:00+00:00,2799.8,0.9,2800.7
2026-01-29 05:00:00+00:00,2861.0,56.5,2917.5
2026-01-29 06:00:00+00:00,2487.2,315.7,2802.9
2026-01-29 07:00:00+00:00,2442.2,414.9,2857.1
2026-01-29 08:00:00+00:00,2479.5,428.6,2908.1
2026-01-29 09:00:00+00:00,2568.7,257.8,2826.6
2026-01-29 10:00:00+00:00,2551.7,193.6,2745.2
2026-01-29 11:00:00+00:00,2519.7,185.1,2704.7
2026-01-29 12:00:00+00:00,2499.9,226.2,2726.1
2026-01-29 13:00:00+00:00,2341.3,321.8,2663.1
2026-01-29 14:00:00+00:00,2480.0,288.1,2768.0
2026-01-29 15:00:00+00:00,2735.4,82.6,2818.0
2026-01-29 16:00:00+00:00,2918.2,10.8,2929.1
2026-01-29 17:00:00+00:00,3020.2,-148.9,2871.2
2026-01-29 18:00:00+00:00,2982.7,-181.4,2801.3
2026-01-29 19:00:00+00:00,2939.9,-216.9,2722.9
2026-01-29 20:00:00+00:00,3074.7,-209.6,2865.1
2026-01-29 21:00:00+00:00,3070.2,-132.9,2937.3
2026-01-29 22:00:00+00:00,3052.7,-119.8,2932.9
2026-01-29 23:00:00+00:00,2961.4,-133.3,2828.1
2026-01-30 00:00:00+00:00,2925.4,-110.8,2814.6
2026-01-30 01:00:00+00:00,2965.7,-41.0,2924.7
2026-01-30 02:00:00+00:00,2953.0,-73.3,2879.7
2026-01-30 03:00:00+00:00,3079.5,-70.0,3009.5
2026-01-30 04:00:00+00:00,3173.2,-112.2,3061.0
2026-01-30 05:00:00+00:00,3221.0,-103.5,3117.4
2026-01-30 06:00:00+00:00,2991.4,-102.2,2889.1
2026-01-30 07:00:00+00:00,3312.7,-71.9,3240.8
2026-01-30 08:00:00+00:00,3226.2,-145.3,3080.9
2026-01-30 09:00:00+00:00,3068.9,-180.0,2888.9
2026-01-30 10:00:00+00:00,3271.6,-111.3,3160.3
2026-01-30 11:00:00+00:00,2963.8,49.0,3012.8
2026-01-30 12:00:00+00:00,2931.5,166.1,3097.6
2026-01-30 13:00:00+00:00,2913.3,45.4,2958.7
2026-01-30 14:00:00+00:00,3092.6,-23.1,3069.5
2026-01-30 15:00:00+00:00,3072.8,-61.2,3011.6
2026-01-30 16:00:00+00:00,3171.6,-126.7,3045.0
2026-01-30 17:00:00+00:00,3420.0,-211.4,3208.6
2026-01-30 18:00:00+00:00,3232.9,-127.6,3105.3
2026-01-30 19:00:00+00:00,3092.1,46.6,3138.7
2026-01-30 20:00:00+00:00,3132.3,-10.1,3122.2
2026-01-30 21:00:00+00:00,3057.7,-3.8,3054.0
2026-01-30 22:00:00+00:00,3035.1,80.9,3115.9
2026-01-30 23:00:00+00:00,2889.6,109.5,2999.0
2026-01-31 00:00:00+00:00,2920.8,137.2,3057.9
2026-01-31 01:00:00+00:00,2847.4,143.6,2991.1
2026-01-31 02:00:00+00:00,2785.8,115.8,2901.6
2026-01-31 03:00:00+00:00,2712.3,133.9,2846.2
2026-01-31 04:00:00+00:00,2662.3,271.7,2934.0
2026-01-31 05:00:00+00:00,2495.0,390.8,2885.9
2026-01-31 06:00:00+00:00,2613.4,560.2,3173.5
2026-01-31 07:00:00+00:00,2480.9,764.8,3245.7
2026-01-31 08:00:00+00:00,2176.8,798.8,2975.6
2026-01-31 09:00:00+00:00,2251.3,919.0,3170.3
2026-01-31 10:00:00+00:00,2439.3,933.7,3373.0
2026-01-31 11:00:00+00:00,2205.1,988.5,3193.6
2026-01-31 12:00:00+00:00,2140.2,786.6,2926.8
2026-01-31 13:00:00+00:00,2063.2,788.2,2851.4
2026-01-31 14:00:00+00:00,2185.2,887.1,3072.4
2026-01-31 15:00:00+00:00,1915.1,930.4,2845.5
2026-01-31 16:00:00+00:00,1548.4,833.6,2381.9
2026-01-31 17:00:00+00:00,1576.9,889.0,2465.9
2026-01-31 18:00:00+00:00,1583.3,912.9,2496.2
2026-01-31 19:00:00+00:00,1657.8,1030.2,2688.0
2026-01-31 20:00:00+00:00,1874.0,1030.2,2904.3
2026-01-31 21:00:00+00:00,1598.5,1027.8,2626.3
2026-01-31 22:00:00+00:00,1334.8,1015.3,2350.1
2026-01-31 23:00:00+00:00,894.2,1025.2,1919.5
2026-02-01 00:00:00+00:00,918.8,1030.2,1949.0
2026-02-01 01:00:00+00:00,910.3,1026.4,1936.7
2026-02-01 02:00:00+00:00,941.1,1030.1,1971.2
2026-02-01 03:00:00+00:00,925.3,1029.7,1955.0
2026-02-01 04:00:00+00:00,882.5,1030.0,1912.5
2026-02-01 05:00:00+00:00,737.8,1025.8,1763.6
2026-02-01 06:00:00+00:00,913.0,1029.9,1942.9
2026-02-01 07:00:00+00:00,935.9,1029.9,1965.8
2026-02-01 08:00:00+00:00,918.1,1018.1,1936.2
2026-02-01 09:00:00+00:00,1042.9,1027.7,2070.7
2026-02-01 10:00:00+00:00,971.8,1030.0,2001.7
2026-02-01 11:00:00+00:00,1114.3,1027.6,2141.9
2026-02-01 12:00:00+00:00,1143.9,1029.7,2173.6
2026-02-01 13:00:00+00:00,859.9,1023.3,1883.1
2026-02-01 14:00:00+00:00,624.4,1029.7,1654.1
2026-02-01 15:00:00+00:00,852.9,1025.0,1877.9
2026-02-01 16:00:00+00:00,1134.6,1029.7,2164.3
2026-02-01 17:00:00+00:00,886.4,1023.4,1909.8
2026-02-01 18:00:00+00:00,1023.5,1028.2,2051.7
2026-02-01 19:00:00+00:00,780.9,1030.0,1810.9
2026-02-01 20:00:00+00:00,1047.8,1029.1,2076.9
2026-02-01 21:00:00+00:00,1298.7,1029.2,2327.9
2026-02-01 22:00:00+00:00,1531.6,1016.6,2548.2
2026-02-01 23:00:00+00:00,1858.0,1025.7,2883.8
2026-02-02 00:00:00+00:00,1998.9,998.4,2997.4
2026-02-02 01:00:00+00:00,2085.9,942.1,3027.9
2026-02-02 02:00:00+00:00,2308.2,824.8,3133.0
2026-02-02 03:00:00+00:00,2391.0,793.6,3184.6
2026-02-02 04:00:00+00:00,2267.4,651.8,2919.1
2026-02-02 05:00:00+00:00,2717.9,455.9,3173.8
2026-02-02 06:00:00+00:00,2717.7,160.0,2877.7
2026-02-02 07:00:00+00:00,3138.9,-81.4,3057.5
2026-02-02 08:00:00+00:00,3216.3,-223.1,2993.2
2026-02-02 09:00:00+00:00,3377.9,-355.8,3022.2
2026-02-02 10:00:00+00:00,3330.4,-271.6,3058.8
2026-02-02 11:00:00+00:00,3298.9,-233.9,3065.0
2026-02-02 12:00:00+00:00,3237.7,-170.7,3067.1
2026-02-02 13:00:00+00:00,3019.2,-50.4,2968.8
2026-02-02 14:00:00+00:00,3189.6,-40.1,3149.6
2026-02-02 15:00:00+00:00,2982.1,29.8,3012.0
2026-02-02 16:00:00+00:00,2996.9,-48.9,2948.0
2026-02-02 17:00:00+00:00,3072.1,-120.2,2951.9
2026-02-02 18:00:00+00:00,3100.1,-126.5,2973.6
2026-02-02 19:00:00+00:00,3006.9,-104.9,2902.0
2026-02-02 20:00:00+00:00,2928.0,112.0,3040.1
2026-02-02 21:00:00+00:00,2822.8,123.7,2946.5
2026-02-02 22:00:00+00:00,2481.6,266.4,2748.0
2026-02-02 23:00:00+00:00,2341.7,246.2,2587.9
2026-02-03 00:00:00+00:00,2307.2,396.0,2703.2
2026-02-03 01:00:00+00:00,2166.8,539.7,2706.6
2026-02-03 02:00:00+00:00,2243.1,672.7,2915.8
2026-02-03 03:00:00+00:00,2280.1,829.4,3109.5
2026-02-03 04:00:00+00:00,2489.9,518.2,3008.1
2026-02-03 05:00:00+00:00,2714.1,291.6,3005.7
2026-02-03 06:00:00+00:00,2323.4,502.7,2826.1
2026-02-03 07:00:00+00:00,2427.7,586.2,3013.9
2026-02-03 08:00:00+00:00,2384.1,467.1,2851.2
2026-02-03 09:00:00+00:00,2605.0,398.6,3003.6
2026-02-03 10:00:00+00:00,2590.3,560.1,3150.4
2026-02-03 11:00:00+00:00,2446.0,655.6,3101.5
2026-02-03 12:00:00+00:00,2489.6,668.1,3157.8
2026-02-03 13:00:00+00:00,2351.1,566.6,2917.6
2026-02-03 14:00:00+00:00,2488.4,362.2,2850.6
2026-02-03 15:00:00+00:00,2724.7,192.6,2917.3
2026-02-03 16:00:00+00:00,2822.4,153.9,2976.2
2026-02-03 17:00:00+00:00,3072.4,31.0,3103.4
2026-02-03 18:00:00+00:00,2814.8,52.7,2867.4
2026-02-03 19:00:00+00:00,2803.8,148.2,2952.0
2026-02-03 20:00:00+00:00,3128.2,-32.8,3095.3
2026-02-03 21:00:00+00:00,3010.2,50.3,3060.5
2026-02-03 22:00:00+00:00,2895.1,96.1,2991.3
2026-02-03 23:00:00+00:00,2814.6,292.2,3106.8
2026-02-04 00:00:00+00:00,2815.0,274.1,3089.1
2026-02-04 01:00:00+00:00,3009.2,219.4,3228.7
2026-02-04 02:00:00+00:00,2931.6,149.3,3081.0
2026-02-04 03:00:00+00:00,3049.9,98.7,3148.6
2026-02-04 04:00:00+00:00,3155.9,-4.4,3151.5
2026-02-04 05:00:00+00:00,3039.2,66.9,3106.1
2026-02-04 06:00:00+00:00,2883.9,131.2,3015.1
2026-02-04 07:00:00+00:00,2947.6,222.1,3169.7
2026-02-04 08:00:00+00:00,2798.8,259.9,3058.7
2026-02-04 09:00:00+00:00,2840.4,282.3,3122.7
2026-02-04 10:00:00+00:00,2727.3,401.3,3128.5
2026-02-04 11:00:00+00:00,2589.7,560.5,3150.2
2026-02-04 12:00:00+00:00,2487.9,631.4,3119.3
2026-02-04 13:00:00+00:00,2503.5,560.9,3064.4
2026-02-04 14:00:00+00:00,2465.4,554.2,3019.6
2026-02-04 15:00:00+00:00,2703.0,423.9,3126.9
2026-02-04 16:00:00+00:00,2580.1,547.7,3127.8
2026-02-04 17:00:00+00:00,2578.5,514.7,3093.2
2026-02-04 18:00:00+00:00,2430.5,690.7,3121.1
2026-02-04 19:00:00+00:00,2631.7,587.8,3219.6
2026-02-04 20:00:00+00:00,2822.1,222.6,3044.7
2026-02-04 21:00:00+00:00,2935.3,103.4,3038.7
2026-02-04 22:00:00+00:00,2765.3,236.4,3001.8
2026-02-04 23:00:00+00:00,2446.0,523.0,2969.0
2026-02-05 00:00:00+00:00,2249.8,764.7,3014.5
2026-02-05 01:00:00+00:00,1794.4,1005.2,2799.6
2026-02-05 02:00:00+00:00,1530.3,1029.8,2560.1
2026-02-05 03:00:00+00:00,1631.0,1018.7,2649.8
2026-02-05 04:00:00+00:00,1854.6,1012.9,2867.6
2026-02-05 05:00:00+00:00,1531.3,1018.3,2549.6
2026-02-05 06:00:00+00:00,1282.7,1020.9,2303.5
2026-02-05 07:00:00+00:00,1250.3,1029.7,2280.0
2026-02-05 08:00:00+00:00,1327.6,1027.3,2354.9
2026-02-05 09:00:00+00:00,1348.5,999.2,2347.7
2026-02-05 10:00:00+00:00,1674.0,1009.9,2683.9
2026-02-05 11:00:00+00:00,1636.0,907.0,2543.0
2026-02-05 12:00:00+00:00,1592.8,704.0,2296.9
2026-02-05 13:00:00+00:00,1512.0,682.2,2194.2
2026-02-05 14:00:00+00:00,1433.8,582.4,2016.2
2026-02-05 15:00:00+00:00,1537.8,561.8,2099.6
2026-02-05 16:00:00+00:00,1757.6,645.1,2402.7
2026-02-05 17:00:00+00:00,2083.0,357.9,2440.9
2026-02-05 18:00:00+00:00,2208.2,416.5,2624.7
2026-02-05 19:00:00+00:00,2299.1,545.2,2844.4
2026-02-05 20:00:00+00:00,2744.2,280.1,3024.2
2026-02-05 21:00:00+00:00,2850.7,101.1,2951.8
2026-02-05 22:00:00+00:00,2813.9,187.9,3001.8
2026-02-05 23:00:00+00:00,2888.8,28.6,2917.4
2026-02-06 00:00:00+00:00,2927.7,40.7,2968.5
2026-02-06 01:00:00+00:00,2777.9,70.8,2848.8
2026-02-06 02:00:00+00:00,2591.2,68.3,2659.5
2026-02-06 03:00:00+00:00,2385.6,225.9,2611.6
2026-02-06 04:00:00+00:00,2547.2,150.7,2697.9
2026-02-06 05:00:00+00:00,2518.4,384.2,2902.6
2026-02-06 06:00:00+00:00,2220.8,464.3,2685.1
2026-02-06 07:00:00+00:00,2217.1,624.8,2841.9
2026-02-06 08:00:00+00:00,1968.8,691.9,2660.7
2026-02-06 09:00:00+00:00,1862.7,773.1,2635.8
2026-02-06 10:00:00+00:00,1841.5,837.7,2679.2
2026-02-06 11:00:00+00:00,1935.6,845.5,2781.0
2026-02-06 12:00:00+00:00,1916.8,898.3,2815.1
2026-02-06 13:00:00+00:00,1943.7,809.1,2752.8
2026-02-06 14:00:00+00:00,1901.8,764.7,2666.4
2026-02-06 15:00:00+00:00,1796.5,985.7,2782.2
2026-02-06 16:00:00+00:00,1623.0,999.9,2622.9
2026-02-06 17:00:00+00:00,1957.1,1006.1,2963.2
2026-02-06 18:00:00+00:00,2023.2,1020.7,3044.0
2026-02-06 19:00:00+00:00,1943.9,1013.5,2957.4
2026-02-06 20:00:00+00:00,2234.3,687.3,2921.6
2026-02-06 21:00:00+00:00,2098.4,882.0,2980.4
2026-02-06 22:00:00+00:00,2245.0,745.2,2990.1
2026-02-06 23:00:00+00:00,2587.1,615.2,3202.3
2026-02-07 00:00:00+00:00,2524.7,585.5,3110.2
2026-02-07 01:00:00+00:00,2568.9,663.0,3231.9
2026-02-07 02:00:00+00:00,2428.4,624.0,3052.4
2026-02-07 03:00:00+00:00,2603.6,552.7,3156.3
2026-02-07 04:00:00+00:00,2578.4,657.6,3236.1
2026-02-07 05:00:00+00:00,2428.8,708.6,3137.3
2026-02-07 06:00:00+00:00,2307.9,814.8,3122.8
2026-02-07 07:00:00+00:00,2203.5,940.8,3144.3
2026-02-07 08:00:00+00:00,2059.8,952.3,3012.1
2026-02-07 09:00:00+00:00,2154.8,949.5,3104.3
2026-02-07 10:00:00+00:00,2225.1,955.1,3180.3
2026-02-07 11:00:00+00:00,2070.7,1026.7,3097.4
2026-02-07 12:00:00+00:00,2211.8,953.8,3165.6
2026-02-07 13:00:00+00:00,2116.5,933.7,3050.2
2026-02-07 14:00:00+00:00,2212.6,854.5,3067.1
2026-02-07 15:00:00+00:00,2185.3,841.6,3026.8
2026-02-07 16:00:00+00:00,2214.2,644.0,2858.3
2026-02-07 17:00:00+00:00,2341.8,585.5,2927.3
2026-02-07 18:00:00+00:00,2439.8,579.6,3019.4
2026-02-07 19:00:00+00:00,2344.3,781.1,3125.4
2026-02-07 20:00:00+00:00,2489.0,453.6,2942.7
2026-02-07 21:00:00+00:00,2723.3,246.6,2969.9
2026-02-07 22:00:00+00:00,2632.3,164.2,2796.5
2026-02-07 23:00:00+00:00,2703.8,86.6,2790.4
2026-02-08 00:00:00+00:00,2658.0,183.6,2841.6
2026-02-08 01:00:00+00:00,2870.2,191.5,3061.8
2026-02-08 02:00:00+00:00,2731.0,128.5,2859.5
2026-02-08 03:00:00+00:00,2615.6,279.2,2894.8
2026-02-08 04:00:00+00:00,2720.4,253.5,2973.9
2026-02-08 05:00:00+00:00,2878.5,170.8,3049.3
2026-02-08 06:00:00+00:00,2847.5,132.8,2980.3
2026-02-08 07:00:00+00:00,2736.2,169.6,2905.8
2026-02-08 08:00:00+00:00,2667.3,286.8,2954.1
2026-02-08 09:00:00+00:00,2719.5,387.8,3107.3
2026-02-08 10:00:00+00:00,2612.7,378.8,2991.5
2026-02-08 11:00:00+00:00,2685.7,282.1,2967.8
2026-02-08 12:00:00+00:00,2612.7,508.3,3121.0
2026-02-08 13:00:00+00:00,2400.9,730.4,3131.3
2026-02-08 14:00:00+00:00,2265.6,672.0,2937.6
2026-02-08 15:00:00+00:00,1929.6,770.2,2699.8
2026-02-08 16:00:00+00:00,1825.0,820.6,2645.6
2026-02-08 17:00:00+00:00,1615.7,465.8,2081.6
2026-02-08 18:00:00+00:00,1530.8,563.2,2094.0
2026-02-08 19:00:00+00:00,1545.4,826.7,2372.1
2026-02-08 20:00:00+00:00,2090.2,689.2,2779.4
2026-02-08 21:00:00+00:00,2209.5,609.4,2818.9
2026-02-08 22:00:00+00:00,2065.1,879.4,2944.6
2026-02-08 23:00:00+00:00,2037.6,794.5,2832.2
2026-02-09 00:00:00+00:00,1860.2,792.4,2652.6
2026-02-09 01:00:00+00:00,1540.7,871.6,2412.3
2026-02-09 02:00:00+00:00,1411.3,854.2,2265.5
2026-02-09 03:00:00+00:00,1239.9,896.2,2136.1
2026-02-09 04:00:00+00:00,1471.5,964.1,2435.6
2026-02-09 05:00:00+00:00,1443.8,998.8,2442.6
2026-02-09 06:00:00+00:00,1143.9,1017.2,2161.1
2026-02-09 07:00:00+00:00,1341.9,1028.8,2370.6
2026-02-09 08:00:00+00:00,1291.8,1009.6,2301.5
2026-02-09 09:00:00+00:00,1403.6,1000.0,2403.6
2026-02-09 10:00:00+00:00,1546.5,999.5,2546.1
2026-02-09 11:00:00+00:00,1607.1,967.4,2574.6
2026-02-09 12:00:00+00:00,1628.5,932.0,2560.4
2026-02-09 13:00:00+00:00,1741.3,838.1,2579.4
2026-02-09 14:00:00+00:00,1775.9,696.8,2472.7
2026-02-09 15:00:00+00:00,1833.4,764.7,2598.1
2026-02-09 16:00:00+00:00,1796.0,667.4,2463.3
2026-02-09 17:00:00+00:00,1910.6,530.2,2440.8
2026-02-09 18:00:00+00:00,1816.2,526.9,2343.2
2026-02-09 19:00:00+00:00,1664.9,655.2,2320.0
2026-02-09 20:00:00+00:00,2008.9,442.4,2451.4
2026-02-09 21:00:00+00:00,2208.1,393.9,2601.9
2026-02-09 22:00:00+00:00,2179.8,400.3,2580.1
2026-02-09 23:00:00+00:00,2123.4,532.7,2656.1
2026-02-10 00:00:00+00:00,1925.3,546.4,2471.7
2026-02-10 01:00:00+00:00,1872.9,704.3,2577.2
2026-02-10 02:00:00+00:00,1814.2,664.0,2478.3
2026-02-10 03:00:00+00:00,1947.1,641.2,2588.3
2026-02-10 04:00:00+00:00,2349.1,553.9,2903.0
2026-02-10 05:00:00+00:00,2174.1,691.9,2866.1
2026-02-10 06:00:00+00:00,1881.0,894.0,2775.0
2026-02-10 07:00:00+00:00,1715.7,1018.0,2733.7
2026-02-10 08:00:00+00:00,1756.0,1007.3,2763.3
2026-02-10 09:00:00+00:00,1816.6,994.9,2811.5
2026-02-10 10:00:00+00:00,1834.3,1009.8,2844.1
2026-02-10 11:00:00+00:00,1718.1,1029.5,2747.5
2026-02-10 12:00:00+00:00,1786.6,1029.6,2816.3
2026-02-10 13:00:00+00:00,1694.9,1015.4,2710.3
2026-02-10 14:00:00+00:00,1669.0,1018.2,2687.2
2026-02-10 15:00:00+00:00,1700.2,1006.1,2706.4
2026-02-10 16:00:00+00:00,1722.2,922.5,2644.7
2026-02-10 17:00:00+00:00,1714.9,1007.6,2722.6
2026-02-10 18:00:00+00:00,1869.7,982.2,2851.9
2026-02-10 19:00:00+00:00,1677.3,1012.1,2689.3
2026-02-10 20:00:00+00:00,1929.1,979.6,2908.8
2026-02-10 21:00:00+00:00,1967.9,910.7,2878.6
2026-02-10 22:00:00+00:00,1918.9,956.1,2875.1
2026-02-10 23:00:00+00:00,1755.0,999.0,2754.0
2026-02-11 00:00:00+00:00,1641.9,1012.6,2654.6
2026-02-11 01:00:00+00:00,1599.2,1023.5,2622.8
2026-02-11 02:00:00+00:00,1474.5,1025.6,2500.1
2026-02-11 03:00:00+00:00,1414.0,1011.0,2425.0
2026-02-11 04:00:00+00:00,1731.2,1011.0,2742.2
2026-02-11 05:00:00+00:00,1787.7,1021.9,2809.6
2026-02-11 06:00:00+00:00,1646.5,1029.2,2675.7
2026-02-11 07:00:00+00:00,1837.0,1025.8,2862.8
2026-02-11 08:00:00+00:00,1801.4,1001.2,2802.6
2026-02-11 09:00:00+00:00,1957.2,1024.6,2981.8
2026-02-11 10:00:00+00:00,2047.3,1022.6,3070.0
2026-02-11 11:00:00+00:00,2101.5,999.0,3100.6
2026-02-11 12:00:00+00:00,2004.2,1015.3,3019.5
2026-02-11 13:00:00+00:00,1999.0,931.4,2930.4
2026-02-11 14:00:00+00:00,2137.3,926.4,3063.7
2026-02-11 15:00:00+00:00,2212.6,901.8,3114.3
2026-02-11 16:00:00+00:00,1879.3,945.8,2825.1
2026-02-11 17:00:00+00:00,1898.8,848.8,2747.5
2026-02-11 18:00:00+00:00,1832.4,860.4,2692.8
2026-02-11 19:00:00+00:00,1780.8,904.1,2684.9
2026-02-11 20:00:00+00:00,2185.3,749.4,2934.7
2026-02-11 21:00:00+00:00,2201.1,857.1,3058.2
2026-02-11 22:00:00+00:00,2134.0,888.2,3022.2
2026-02-11 23:00:00+00:00,1939.4,832.9,2772.4
2026-02-12 00:00:00+00:00,1864.4,779.9,2644.3
2026-02-12 01:00:00+00:00,1884.7,819.5,2704.2
2026-02-12 02:00:00+00:00,1881.5,878.8,2760.4
2026-02-12 03:00:00+00:00,1977.6,864.2,2841.8
2026-02-12 04:00:00+00:00,2123.7,742.4,2866.1
2026-02-12 05:00:00+00:00,1865.2,871.1,2736.2
2026-02-12 06:00:00+00:00,1677.4,952.5,2629.8
2026-02-12 07:00:00+00:00,1844.5,906.4,2750.9
2026-02-12 08:00:00+00:00,2024.0,769.2,2793.2
2026-02-12 09:00:00+00:00,2224.5,728.1,2952.7
2026-02-12 10:00:00+00:00,2251.2,690.4,2941.6
2026-02-12 11:00:00+00:00,2168.8,765.9,2934.7
2026-02-12 12:00:00+00:00,2100.6,934.7,3035.2
2026-02-12 13:00:00+00:00,2160.7,953.6,3114.2
2026-02-12 14:00:00+00:00,2130.7,930.7,3061.4
2026-02-12 15:00:00+00:00,2303.5,766.4,3069.9
2026-02-12 16:00:00+00:00,2230.3,699.6,2929.9
2026-02-12 17:00:00+00:00,2389.7,672.9,3062.6
2026-02-12 18:00:00+00:00,2473.6,633.8,3107.4
2026-02-12 19:00:00+00:00,2333.7,646.6,2980.3
2026-02-12 20:00:00+00:00,2523.3,447.5,2970.8
2026-02-12 21:00:00+00:00,2674.9,340.9,3015.8
2026-02-12 22:00:00+00:00,2579.2,374.9,2954.1
2026-02-12 23:00:00+00:00,2849.0,123.4,2972.5
2026-02-13 00:00:00+00:00,3040.5,47.2,3087.6
2026-02-13 01:00:00+00:00,3169.5,-10.3,3159.2
2026-02-13 02:00:00+00:00,3130.8,-63.8,3067.0
2026-02-13 03:00:00+00:00,3144.4,-83.4,3061.0
2026-02-13 04:00:00+00:00,3102.2,-55.1,3047.0
2026-02-13 05:00:00+00:00,2987.9,-38.0,2950.0
2026-02-13 06:00:00+00:00,3012.0,-12.3,2999.7
2026-02-13 07:00:00+00:00,3051.3,64.8,3116.0
2026-02-13 08:00:00+00:00,2999.7,37.8,3037.5
2026-02-13 09:00:00+00:00,2835.6,48.3,2883.9
2026-02-13 10:00:00+00:00,2756.1,-44.6,2711.6
2026-02-13 11:00:00+00:00,2687.2,78.6,2765.8
2026-02-13 12:00:00+00:00,2650.7,63.3,2714.0
2026-02-13 13:00:00+00:00,2739.4,130.0,2869.4
2026-02-13 14:00:00+00:00,2711.0,19.3,2730.3
2026-02-13 15:00:00+00:00,2721.2,187.2,2908.4
2026-02-13 16:00:00+00:00,2641.2,261.9,2903.1
2026-02-13 17:00:00+00:00,2505.4,341.3,2846.7
2026-02-13 18:00:00+00:00,2337.8,299.5,2637.3
2026-02-13 19:00:00+00:00,2082.1,549.6,2631.7
2026-02-13 20:00:00+00:00,2104.6,168.8,2273.4
2026-02-13 21:00:00+00:00,2031.2,245.3,2276.5
2026-02-13 22:00:00+00:00,1889.2,361.9,2251.1
2026-02-13 23:00:00+00:00,1747.7,460.7,2208.4
2026-02-14 00:00:00+00:00,1565.3,459.5,2024.8
2026-02-14 01:00:00+00:00,1444.9,403.5,1848.4
2026-02-14 02:00:00+00:00,1398.8,469.5,1868.4
2026-02-14 03:00:00+00:00,1291.2,664.0,1955.3
2026-02-14 04:00:00+00:00,1329.4,616.1,1945.5
2026-02-14 05:00:00+00:00,1347.2,779.8,2126.9
2026-02-14 06:00:00+00:00,1353.7,763.6,2117.3
2026-02-14 07:00:00+00:00,1292.8,800.4,2093.2
2026-02-14 08:00:00+00:00,1376.3,740.1,2116.4
2026-02-14 09:00:00+00:00,1623.9,550.7,2174.5
2026-02-14 10:00:00+00:00,1448.6,721.0,2169.5
2026-02-14 11:00:00+00:00,1553.2,875.3,2428.5
2026-02-14 12:00:00+00:00,1825.9,841.9,2667.8
2026-02-14 13:00:00+00:00,1776.9,928.4,2705.3
2026-02-14 14:00:00+00:00,1328.7,1007.7,2336.4
2026-02-14 15:00:00+00:00,1308.2,1029.0,2337.2
2026-02-14 16:00:00+00:00,1136.3,962.3,2098.6
2026-02-14 17:00:00+00:00,982.7,898.6,1881.3
2026-02-14 18:00:00+00:00,832.7,992.2,1825.0
2026-02-14 19:00:00+00:00,1111.7,1018.9,2130.6
2026-02-14 20:00:00+00:00,1341.9,1012.5,2354.4
2026-02-14 21:00:00+00:00,1446.3,970.8,2417.1
2026-02-14 22:00:00+00:00,1450.5,1024.8,2475.3
2026-02-14 23:00:00+00:00,1734.6,1025.1,2759.8
2026-02-15 00:00:00+00:00,1847.6,1029.1,2876.8
2026-02-15 01:00:00+00:00,1911.6,978.8,2890.4
2026-02-15 02:00:00+00:00,2018.0,949.6,2967.7
2026-02-15 03:00:00+00:00,2151.9,926.6,3078.5
2026-02-15 04:00:00+00:00,2102.7,871.6,2974.4
2026-02-15 05:00:00+00:00,1944.5,968.4,2912.9
2026-02-15 06:00:00+00:00,1857.6,969.1,2826.8
2026-02-15 07:00:00+00:00,1894.9,1003.2,2898.1
2026-02-15 08:00:00+00:00,2074.9,986.3,3061.1
2026-02-15 09:00:00+00:00,2062.1,947.8,3010.0
2026-02-15 10:00:00+00:00,2254.6,868.8,3123.4
2026-02-15 11:00:00+00:00,2231.5,786.0,3017.5
2026-02-15 12:00:00+00:00,2310.7,651.1,2961.8
2026-02-15 13:00:00+00:00,2297.0,729.0,3026.1
2026-02-15 14:00:00+00:00,2086.4,831.5,2918.0
2026-02-15 15:00:00+00:00,1674.8,992.8,2667.5
2026-02-15 16:00:00+00:00,1531.9,1017.7,2549.6
2026-02-15 17:00:00+00:00,1404.2,1029.2,2433.4
2026-02-15 18:00:00+00:00,1536.1,1023.8,2559.9
2026-02-15 19:00:00+00:00,1361.9,1027.0,2388.8
2026-02-15 20:00:00+00:00,1637.3,1022.0,2659.2
2026-02-15 21:00:00+00:00,1731.1,1025.4,2756.4
2026-02-15 22:00:00+00:00,1511.0,1009.8,2520.8
2026-02-15 23:00:00+00:00,1466.1,1029.0,2495.1
2026-02-16 00:00:00+00:00,1637.6,1029.5,2667.1
2026-02-16 01:00:00+00:00,1907.5,1020.8,2928.3
2026-02-16 02:00:00+00:00,2066.1,1023.8,3089.9
2026-02-16 03:00:00+00:00,1967.6,1008.8,2976.4
2026-02-16 04:00:00+00:00,2187.4,959.5,3146.9
2026-02-16 05:00:00+00:00,2208.5,674.0,2882.5
2026-02-16 06:00:00+00:00,2459.4,687.5,3147.0
2026-02-16 07:00:00+00:00,2370.1,678.8,3049.0
2026-02-16 08:00:00+00:00,2372.8,594.9,2967.7
2026-02-16 09:00:00+00:00,2410.0,645.8,3055.8
2026-02-16 10:00:00+00:00,2468.7,680.7,3149.5
2026-02-16 11:00:00+00:00,2455.6,698.0,3153.6
2026-02-16 12:00:00+00:00,2278.4,924.0,3202.4
2026-02-16 13:00:00+00:00,2051.1,965.4,3016.5
2026-02-16 14:00:00+00:00,2230.9,829.4,3060.2
2026-02-16 15:00:00+00:00,2170.3,872.5,3042.8
2026-02-16 16:00:00+00:00,1788.4,936.9,2725.3
2026-02-16 17:00:00+00:00,1750.7,951.5,2702.2
2026-02-16 18:00:00+00:00,1697.2,939.5,2636.7
2026-02-16 19:00:00+00:00,1704.0,986.4,2690.4
2026-02-16 20:00:00+00:00,1767.8,957.8,2725.7
2026-02-16 21:00:00+00:00,1860.7,945.3,2805.9
2026-02-16 22:00:00+00:00,1353.7,927.3,2281.0
2026-02-16 23:00:00+00:00,1052.4,979.6,2032.1
2026-02-17 00:00:00+00:00,1129.3,1023.2,2152.5
2026-02-17 01:00:00+00:00,1049.3,983.4,2032.7
2026-02-17 02:00:00+00:00,1022.0,998.1,2020.1
2026-02-17 03:00:00+00:00,1083.6,979.3,2063.0
2026-02-17 04:00:00+00:00,1371.5,733.3,2104.8
2026-02-17 05:00:00+00:00,1103.3,662.5,1765.7
2026-02-17 06:00:00+00:00,732.7,793.0,1525.7
2026-02-17 07:00:00+00:00,843.9,809.5,1653.4
2026-02-17 08:00:00+00:00,899.5,855.4,1754.9
2026-02-17 09:00:00+00:00,1047.6,787.8,1835.4
2026-02-17 10:00:00+00:00,1151.5,922.3,2073.8
2026-02-17 11:00:00+00:00,1134.6,1026.4,2161.0
2026-02-17 12:00:00+00:00,983.6,1028.4,2012.0
2026-02-17 13:00:00+00:00,946.1,1017.1,1963.2
2026-02-17 14:00:00+00:00,796.1,1026.4,1822.4
2026-02-17 15:00:00+00:00,671.3,986.0,1657.3
2026-02-17 16:00:00+00:00,492.3,869.3,1361.6
2026-02-17 17:00:00+00:00,755.4,798.4,1553.8
2026-02-17 18:00:00+00:00,732.7,842.6,1575.3
2026-02-17 19:00:00+00:00,651.9,935.0,1586.9
2026-02-17 20:00:00+00:00,512.8,990.5,1503.3
2026-02-17 21:00:00+00:00,430.7,1015.8,1446.6
2026-02-17 22:00:00+00:00,81.5,1024.8,1106.3
2026-02-17 23:00:00+00:00,-72.7,991.2,918.4
2026-02-18 00:00:00+00:00,-367.6,1027.5,659.9
2026-02-18 01:00:00+00:00,-524.2,1007.3,483.1
2026-02-18 02:00:00+00:00,-539.0,978.7,439.7
2026-02-18 03:00:00+00:00,-579.4,977.5,398.1
2026-02-18 04:00:00+00:00,-568.2,996.5,428.4
2026-02-18 05:00:00+00:00,-665.6,1008.9,343.3
2026-02-18 06:00:00+00:00,-950.1,1008.0,57.9
2026-02-18 07:00:00+00:00,-910.2,1027.7,117.5
2026-02-18 08:00:00+00:00,-216.2,1018.9,802.8
2026-02-18 09:00:00+00:00,51.7,1021.3,1073.0
2026-02-18 10:00:00+00:00,352.3,1029.7,1382.0
2026-02-18 11:00:00+00:00,317.7,1014.2,1331.9
2026-02-18 12:00:00+00:00,367.2,1029.9,1397.1
2026-02-18 13:00:00+00:00,357.2,1029.9,1387.1
2026-02-18 14:00:00+00:00,157.0,1029.6,1186.6
2026-02-18 15:00:00+00:00,-14.5,1028.3,1013.8
2026-02-18 16:00:00+00:00,-539.1,1024.5,485.3
2026-02-18 17:00:00+00:00,-842.9,1029.5,186.6
2026-02-18 18:00:00+00:00,-764.6,1029.8,265.3
2026-02-18 19:00:00+00:00,-1317.6,1021.6,-296.1
2026-02-18 20:00:00+00:00,-812.3,1004.7,192.3
2026-02-18 21:00:00+00:00,-367.8,1024.1,656.2
2026-02-18 22:00:00+00:00,-93.1,1028.5,935.4
2026-02-18 23:00:00+00:00,247.2,1019.9,1267.0
2026-02-19 00:00:00+00:00,543.5,1012.7,1556.2
2026-02-19 01:00:00+00:00,761.0,1004.5,1765.6
2026-02-19 02:00:00+00:00,1141.9,1012.1,2154.0
2026-02-19 03:00:00+00:00,1623.1,1019.5,2642.7
2026-02-19 04:00:00+00:00,1906.2,966.2,2872.4
2026-02-19 05:00:00+00:00,1866.8,857.2,2724.0
2026-02-19 06:00:00+00:00,1510.5,688.9,2199.4
2026-02-19 07:00:00+00:00,1786.1,727.0,2513.0
2026-02-19 08:00:00+00:00,2021.7,757.2,2778.9
2026-02-19 09:00:00+00:00,2175.0,796.6,2971.7
2026-02-19 10:00:00+00:00,2432.0,504.9,2936.9
2026-02-19 11:00:00+00:00,2527.2,335.9,2863.1
2026-02-19 12:00:00+00:00,2605.5,379.0,2984.5
2026-02-19 13:00:00+00:00,2530.0,523.3,3053.3
2026-02-19 14:00:00+00:00,2435.2,410.0,2845.3
2026-02-19 15:00:00+00:00,2301.7,358.4,2660.1
2026-02-19 16:00:00+00:00,2027.7,303.9,2331.6
2026-02-19 17:00:00+00:00,2069.8,428.6,2498.4
2026-02-19 18:00:00+00:00,2143.9,728.1,2872.1
2026-02-19 19:00:00+00:00,2143.6,683.0,2826.5
2026-02-19 20:00:00+00:00,2592.7,427.8,3020.5
2026-02-19 21:00:00+00:00,2596.7,416.2,3012.9
2026-02-19 22:00:00+00:00,2792.4,306.2,3098.5
2026-02-19 23:00:00+00:00,2584.0,599.7,3183.7
2026-02-20 00:00:00+00:00,2500.4,640.8,3141.2
2026-02-20 01:00:00+00:00,2351.2,793.5,3144.7
2026-02-20 02:00:00+00:00,2371.8,760.5,3132.3
2026-02-20 03:00:00+00:00,2576.7,636.2,3212.8
2026-02-20 04:00:00+00:00,2700.1,448.8,3148.9
2026-02-20 05:00:00+00:00,2593.5,428.9,3022.4
2026-02-20 06:00:00+00:00,2944.6,299.5,3244.1
2026-02-20 07:00:00+00:00,2798.8,375.1,3173.9
2026-02-20 08:00:00+00:00,2410.2,505.7,2915.9
2026-02-20 09:00:00+00:00,2339.0,496.6,2835.6
2026-02-20 10:00:00+00:00,2608.7,481.2,3089.9
2026-02-20 11:00:00+00:00,2413.6,543.5,2957.1
2026-02-20 12:00:00+00:00,2723.8,397.5,3121.4
2026-02-20 13:00:00+00:00,2339.4,697.0,3036.4
2026-02-20 14:00:00+00:00,2024.2,905.5,2929.7
2026-02-20 15:00:00+00:00,1864.2,995.6,2859.8
2026-02-20 16:00:00+00:00,1877.6,1021.0,2898.7
2026-02-20 17:00:00+00:00,1639.6,1025.5,2665.1
2026-02-20 18:00:00+00:00,1336.8,1006.7,2343.5
2026-02-20 19:00:00+00:00,1058.8,1017.0,2075.8
2026-02-20 20:00:00+00:00,920.2,1021.3,1941.5
2026-02-20 21:00:00+00:00,540.0,1010.9,1550.9
2026-02-20 22:00:00+00:00,-43.6,961.2,917.7
2026-02-20 23:00:00+00:00,-929.0,834.8,-94.3
2026-02-21 00:00:00+00:00,-1260.7,818.7,-442.1
2026-02-21 01:00:00+00:00,-1532.1,668.4,-863.7
2026-02-21 02:00:00+00:00,-1477.2,605.5,-871.6
2026-02-21 03:00:00+00:00,-1479.8,639.9,-839.9
2026-02-21 04:00:00+00:00,-1053.4,621.7,-431.7
2026-02-21 05:00:00+00:00,-672.3,570.3,-102.1
2026-02-21 06:00:00+00:00,-190.1,704.3,514.2
2026-02-21 07:00:00+00:00,53.0,725.3,778.3
2026-02-21 08:00:00+00:00,-51.6,592.6,541.0
2026-02-21 09:00:00+00:00,172.0,616.5,788.6
2026-02-21 10:00:00+00:00,566.9,598.9,1165.8
2026-02-21 11:00:00+00:00,806.3,-88.3,717.9
2026-02-21 12:00:00+00:00,923.2,-144.3,779.0
2026-02-21 13:00:00+00:00,996.9,341.0,1338.0
2026-02-21 14:00:00+00:00,1217.7,815.2,2032.9
2026-02-21 15:00:00+00:00,1700.9,875.2,2576.1
2026-02-21 16:00:00+00:00,2137.6,699.4,2837.1
2026-02-21 17:00:00+00:00,2440.6,522.9,2963.4
2026-02-21 18:00:00+00:00,2702.4,272.5,2974.9
2026-02-21 19:00:00+00:00,2759.4,180.1,2939.5
2026-02-21 20:00:00+00:00,3132.7,50.7,3183.4
2026-02-21 21:00:00+00:00,2927.6,138.1,3065.7
2026-02-21 22:00:00+00:00,2661.6,335.6,2997.2
2026-02-21 23:00:00+00:00,2299.3,728.8,3028.1
2026-02-22 00:00:00+00:00,1885.0,940.3,2825.3
2026-02-22 01:00:00+00:00,1560.6,1028.0,2588.7
2026-02-22 02:00:00+00:00,1365.2,1023.5,2388.6
2026-02-22 03:00:00+00:00,1018.4,1004.6,2023.0
2026-02-22 04:00:00+00:00,912.2,959.6,1871.8
2026-02-22 05:00:00+00:00,1199.0,761.3,1960.3
2026-02-22 06:00:00+00:00,1314.6,851.7,2166.2
2026-02-22 07:00:00+00:00,1116.5,823.6,1940.2
2026-02-22 08:00:00+00:00,1574.0,811.8,2385.8
2026-02-22 09:00:00+00:00,1802.1,704.2,2506.2
2026-02-22 10:00:00+00:00,2182.5,750.9,2933.5
2026-02-22 11:00:00+00:00,2033.6,535.6,2569.3
2026-02-22 12:00:00+00:00,1865.2,468.1,2333.3
2026-02-22 13:00:00+00:00,1587.4,821.6,2409.0
2026-02-22 14:00:00+00:00,1184.5,933.7,2118.2
2026-02-22 15:00:00+00:00,834.6,971.7,1806.3
2026-02-22 16:00:00+00:00,651.6,986.8,1638.4
2026-02-22 17:00:00+00:00,244.4,1021.9,1266.3
2026-02-22 18:00:00+00:00,233.4,1029.6,1263.0
2026-02-22 19:00:00+00:00,550.2,1025.9,1576.1
2026-02-22 20:00:00+00:00,1444.4,1027.8,2472.2
2026-02-22 21:00:00+00:00,1884.5,1029.9,2914.4
2026-02-22 22:00:00+00:00,2058.5,1000.6,3059.1
2026-02-22 23:00:00+00:00,1932.4,865.5,2797.9
2026-02-23 00:00:00+00:00,2076.5,731.7,2808.1
2026-02-23 01:00:00+00:00,2288.8,553.0,2841.8
2026-02-23 02:00:00+00:00,2542.4,381.5,2923.9
2026-02-23 03:00:00+00:00,2697.1,275.5,2972.6
2026-02-23 04:00:00+00:00,2894.3,294.3,3188.6
2026-02-23 05:00:00+00:00,2758.5,274.4,3032.9
2026-02-23 06:00:00+00:00,2558.9,452.9,3011.8
2026-02-23 07:00:00+00:00,2537.1,504.3,3041.4
2026-02-23 08:00:00+00:00,2624.6,255.4,2880.0
2026-02-23 09:00:00+00:00,2578.0,260.6,2838.7
2026-02-23 10:00:00+00:00,2594.1,238.5,2832.6
2026-02-23 11:00:00+00:00,2382.2,323.5,2705.7
2026-02-23 12:00:00+00:00,2485.1,434.8,2919.9
2026-02-23 13:00:00+00:00,2233.4,539.5,2772.9
2026-02-23 14:00:00+00:00,2018.1,537.2,2555.3
2026-02-23 15:00:00+00:00,1861.8,659.8,2521.6
2026-02-23 16:00:00+00:00,1660.8,755.5,2416.4
2026-02-23 17:00:00+00:00,1691.9,824.9,2516.8
2026-02-23 18:00:00+00:00,1808.8,897.0,2705.8
2026-02-23 19:00:00+00:00,1720.4,950.5,2670.9
2026-02-23 20:00:00+00:00,1972.7,780.5,2753.1
2026-02-23 21:00:00+00:00,2004.1,774.2,2778.3
2026-02-23 22:00:00+00:00,1844.1,975.0,2819.1
2026-02-23 23:00:00+00:00,1933.6,998.6,2932.3
2026-02-24 00:00:00+00:00,2062.5,969.6,3032.0
2026-02-24 01:00:00+00:00,2074.1,1005.7,3079.8
2026-02-24 02:00:00+00:00,2222.0,941.6,3163.5
2026-02-24 03:00:00+00:00,2088.5,990.9,3079.3
2026-02-24 04:00:00+00:00,2099.8,857.1,2956.9
2026-02-24 05:00:00+00:00,2068.2,790.9,2859.1
2026-02-24 06:00:00+00:00,1859.3,947.9,2807.2
2026-02-24 07:00:00+00:00,1665.8,994.4,2660.2
2026-02-24 08:00:00+00:00,1715.9,940.2,2656.0
2026-02-24 09:00:00+00:00,1929.4,923.5,2853.0
2026-02-24 10:00:00+00:00,2164.3,827.5,2991.8
2026-02-24 11:00:00+00:00,2056.6,827.3,2883.9
2026-02-24 12:00:00+00:00,1967.4,693.1,2660.4
2026-02-24 13:00:00+00:00,1734.6,841.8,2576.4
2026-02-24 14:00:00+00:00,1713.3,955.7,2669.0
2026-02-24 15:00:00+00:00,1532.5,998.7,2531.1
2026-02-24 16:00:00+00:00,929.4,982.9,1912.3
2026-02-24 17:00:00+00:00,996.1,993.4,1989.5
2026-02-24 18:00:00+00:00,1172.6,965.4,2138.1
2026-02-24 19:00:00+00:00,1352.9,938.6,2291.6
2026-02-24 20:00:00+00:00,1688.6,860.2,2548.8
2026-02-24 21:00:00+00:00,1822.6,715.7,2538.3
2026-02-24 22:00:00+00:00,1881.5,590.3,2471.7
2026-02-24 23:00:00+00:00,2018.4,576.9,2595.3
2026-02-25 00:00:00+00:00,2265.0,552.4,2817.4
2026-02-25 01:00:00+00:00,2213.3,573.6,2786.9
2026-02-25 02:00:00+00:00,2301.5,604.0,2905.5
2026-02-25 03:00:00+00:00,2423.0,427.8,2850.7
2026-02-25 04:00:00+00:00,2561.6,365.1,2926.7
2026-02-25 05:00:00+00:00,2577.9,317.1,2895.0
2026-02-25 06:00:00+00:00,2432.6,655.4,3088.0
2026-02-25 07:00:00+00:00,2323.9,604.9,2928.8
2026-02-25 08:00:00+00:00,2172.9,630.3,2803.3
2026-02-25 09:00:00+00:00,2128.1,533.8,2661.8
2026-02-25 10:00:00+00:00,2196.8,708.9,2905.7
2026-02-25 11:00:00+00:00,2087.0,968.0,3055.1
2026-02-25 12:00:00+00:00,2138.4,760.7,2899.1
2026-02-25 13:00:00+00:00,1963.6,798.6,2762.2
2026-02-25 14:00:00+00:00,1448.4,996.0,2444.4
2026-02-25 15:00:00+00:00,1502.8,1001.8,2504.5
2026-02-25 16:00:00+00:00,1357.3,1015.1,2372.4
2026-02-25 17:00:00+00:00,1073.1,1016.9,2090.0
2026-02-25 18:00:00+00:00,549.7,1021.1,1570.8
2026-02-25 19:00:00+00:00,-22.3,1011.8,989.5
2026-02-25 20:00:00+00:00,-543.7,1017.8,474.1
2026-02-25 21:00:00+00:00,-828.2,1001.0,172.8
2026-02-25 22:00:00+00:00,-1189.3,983.7,-205.6
2026-02-25 23:00:00+00:00,-1330.3,1006.1,-324.2
2026-02-26 00:00:00+00:00,-1539.5,987.1,-552.4
2026-02-26 01:00:00+00:00,-1516.6,1006.5,-510.1
2026-02-26 02:00:00+00:00,-1293.4,1015.8,-277.6
2026-02-26 03:00:00+00:00,-716.1,978.5,262.5
2026-02-26 04:00:00+00:00,-5.9,971.3,965.4
2026-02-26 05:00:00+00:00,89.5,959.6,1049.1
2026-02-26 06:00:00+00:00,35.4,985.7,1021.1
2026-02-26 07:00:00+00:00,277.3,992.4,1269.8
2026-02-26 08:00:00+00:00,343.0,981.3,1324.3
2026-02-26 09:00:00+00:00,911.5,962.3,1873.8
2026-02-26 10:00:00+00:00,1464.7,974.1,2438.9
2026-02-26 11:00:00+00:00,1724.3,978.5,2702.8
2026-02-26 12:00:00+00:00,1830.3,987.8,2818.1
2026-02-26 13:00:00+00:00,1496.9,907.0,2403.9
2026-02-26 14:00:00+00:00,1127.4,1008.2,2135.7
2026-02-26 15:00:00+00:00,920.0,950.7,1870.7
2026-02-26 16:00:00+00:00,1059.7,967.2,2027.0
2026-02-26 17:00:00+00:00,1002.6,995.9,1998.5
2026-02-26 18:00:00+00:00,888.1,956.2,1844.3
2026-02-26 19:00:00+00:00,502.0,1020.3,1522.3
2026-02-26 20:00:00+00:00,862.4,1007.2,1869.6
2026-02-26 21:00:00+00:00,970.5,939.7,1910.2
2026-02-26 22:00:00+00:00,1033.2,830.8,1864.0
2026-02-26 23:00:00+00:00,933.5,927.6,1861.1
2026-02-27 00:00:00+00:00,838.8,936.0,1774.8
2026-02-27 01:00:00+00:00,1220.5,944.8,2165.3
2026-02-27 02:00:00+00:00,1742.5,983.0,2725.5
2026-02-27 03:00:00+00:00,1952.8,990.1,2943.0
2026-02-27 04:00:00+00:00,2366.1,704.4,3070.5
2026-02-27 05:00:00+00:00,2219.2,807.3,3026.5
2026-02-27 06:00:00+00:00,2077.7,1025.7,3103.5
2026-02-27 07:00:00+00:00,2019.5,986.4,3005.9
2026-02-27 08:00:00+00:00,2140.7,834.7,2975.4
2026-02-27 09:00:00+00:00,2349.2,698.2,3047.4
2026-02-27 10:00:00+00:00,2391.5,590.3,2981.7
2026-02-27 11:00:00+00:00,2456.1,485.7,2941.8
2026-02-27 12:00:00+00:00,2299.5,581.7,2881.2
2026-02-27 13:00:00+00:00,2028.3,847.1,2875.3
2026-02-27 14:00:00+00:00,1956.3,913.0,2869.2
2026-02-27 15:00:00+00:00,1780.9,954.1,2734.9
2026-02-27 16:00:00+00:00,1947.0,1002.4,2949.4
2026-02-27 17:00:00+00:00,1956.6,1011.5,2968.1
2026-02-27 18:00:00+00:00,2122.7,1014.9,3137.6
2026-02-27 19:00:00+00:00,2038.0,1013.0,3051.1
2026-02-27 20:00:00+00:00,2187.6,852.3,3039.9
2026-02-27 21:00:00+00:00,2305.9,785.1,3091.0
2026-02-27 22:00:00+00:00,2250.8,820.0,3070.8
2026-02-27 23:00:00+00:00,2146.8,861.2,3008.0
2026-02-28 00:00:00+00:00,2205.4,863.9,3069.3
2026-02-28 01:00:00+00:00,2230.7,849.5,3080.2
2026-02-28 02:00:00+00:00,2206.2,978.6,3184.8
2026-02-28 03:00:00+00:00,2086.5,1020.9,3107.4
2026-02-28 04:00:00+00:00,2036.3,964.8,3001.1
2026-02-28 05:00:00+00:00,1972.7,914.9,2887.6
2026-02-28 06:00:00+00:00,1148.8,682.3,1831.2
2026-02-28 07:00:00+00:00,1116.5,668.8,1785.3
2026-02-28 08:00:00+00:00,1509.7,407.6,1917.3
2026-02-28 09:00:00+00:00,1610.2,287.2,1897.3
2026-02-28 10:00:00+00:00,1668.8,289.5,1958.3
2026-02-28 11:00:00+00:00,1657.3,242.4,1899.7
2026-02-28 12:00:00+00:00,1584.6,396.2,1980.7
2026-02-28 13:00:00+00:00,1426.1,478.2,1904.3
2026-02-28 14:00:00+00:00,1326.8,640.8,1967.5
2026-02-28 15:00:00+00:00,1277.4,700.4,1977.8
2026-02-28 16:00:00+00:00,1379.6,590.8,1970.4
2026-02-28 17:00:00+00:00,1266.9,546.7,1813.6
2026-02-28 18:00:00+00:00,1380.1,527.1,1907.2
2026-02-28 19:00:00+00:00,1336.4,524.9,1861.3
2026-02-28 20:00:00+00:00,1658.4,250.0,1908.4
2026-02-28 21:00:00+00:00,1625.8,88.4,1714.2
2026-02-28 22:00:00+00:00,1740.7,69.2,1809.8
2026-02-28 23:00:00+00:00,1483.0,141.1,1624.1
2026-03-01 00:00:00+00:00,1548.6,312.2,1860.8
2026-03-01 01:00:00+00:00,1244.0,511.8,1755.7
2026-03-01 02:00:00+00:00,1158.1,562.3,1720.3
2026-03-01 03:00:00+00:00,1194.1,525.1,1719.3
2026-03-01 04:00:00+00:00,1056.7,541.6,1598.3
2026-03-01 05:00:00+00:00,1071.1,516.7,1587.9
2026-03-01 06:00:00+00:00,1330.8,418.5,1749.3
2026-03-01 07:00:00+00:00,1719.0,254.7,1973.7
2026-03-01 08:00:00+00:00,1793.8,117.4,1911.1
2026-03-01 09:00:00+00:00,2112.7,-116.3,1996.3
2026-03-01 10:00:00+00:00,2215.9,-145.9,2070.0
2026-03-01 11:00:00+00:00,2082.4,-26.7,2055.7
2026-03-01 12:00:00+00:00,2160.0,35.7,2195.8
2026-03-01 13:00:00+00:00,2205.5,27.5,2233.0
2026-03-01 14:00:00+00:00,2222.9,44.3,2267.3
2026-03-01 15:00:00+00:00,2021.2,190.0,2211.2
2026-03-01 16:00:00+00:00,2035.3,611.4,2646.7
2026-03-01 17:00:00+00:00,1902.7,867.5,2770.3
2026-03-01 18:00:00+00:00,1835.8,1024.4,2860.1
2026-03-01 19:00:00+00:00,1827.9,1020.0,2848.0
2026-03-01 20:00:00+00:00,2278.1,716.7,2994.8
2026-03-01 21:00:00+00:00,2271.6,713.2,2984.8
2026-03-01 22:00:00+00:00,2172.6,826.4,2999.1
2026-03-01 23:00:00+00:00,2120.7,735.7,2856.4
2026-03-02 00:00:00+00:00,2191.8,770.9,2962.7
2026-03-02 01:00:00+00:00,2038.2,939.4,2977.6
2026-03-02 02:00:00+00:00,1874.6,1000.9,2875.5
2026-03-02 03:00:00+00:00,2008.4,918.9,2927.3
2026-03-02 04:00:00+00:00,2179.7,803.6,2983.2
2026-03-02 05:00:00+00:00,2038.3,887.7,2926.0
2026-03-02 06:00:00+00:00,1911.1,987.9,2899.0
2026-03-02 07:00:00+00:00,2018.4,934.6,2953.1
2026-03-02 08:00:00+00:00,2150.2,766.2,2916.4
2026-03-02 09:00:00+00:00,2330.4,571.5,2901.8
2026-03-02 10:00:00+00:00,2349.9,523.4,2873.3
2026-03-02 11:00:00+00:00,2369.6,638.0,3007.6
2026-03-02 12:00:00+00:00,2293.7,729.7,3023.3
2026-03-02 13:00:00+00:00,1919.1,950.0,2869.1
2026-03-02 14:00:00+00:00,1995.8,988.0,2983.8
2026-03-02 15:00:00+00:00,1937.5,996.5,2934.0
2026-03-02 16:00:00+00:00,2040.2,1025.4,3065.6
2026-03-02 17:00:00+00:00,1836.6,1030.0,2866.6
2026-03-02 18:00:00+00:00,1980.0,1029.7,3009.7
2026-03-02 19:00:00+00:00,1846.6,1022.9,2869.5
2026-03-02 20:00:00+00:00,1903.0,920.6,2823.6
2026-03-02 21:00:00+00:00,1979.5,924.5,2904.0
2026-03-02 22:00:00+00:00,1966.8,1005.8,2972.6
2026-03-02 23:00:00+00:00,1839.5,1029.7,2869.3
2026-03-03 00:00:00+00:00,1890.0,1026.6,2916.6
2026-03-03 01:00:00+00:00,1745.7,1029.7,2775.4
2026-03-03 02:00:00+00:00,1662.5,1029.7,2692.1
2026-03-03 03:00:00+00:00,1586.6,1029.8,2616.3
2026-03-03 04:00:00+00:00,1712.3,1029.2,2741.4
2026-03-03 05:00:00+00:00,1096.6,1029.7,2126.3
2026-03-03 06:00:00+00:00,915.1,1025.2,1940.4
2026-03-03 07:00:00+00:00,766.4,1022.1,1788.6
2026-03-03 08:00:00+00:00,513.8,1014.1,1527.8
2026-03-03 09:00:00+00:00,266.3,1010.7,1277.0
2026-03-03 10:00:00+00:00,283.2,931.0,1214.3
2026-03-03 11:00:00+00:00,185.8,973.3,1159.1
2026-03-03 12:00:00+00:00,507.5,891.0,1398.4
2026-03-03 13:00:00+00:00,125.6,942.8,1068.4
2026-03-03 14:00:00+00:00,37.5,1027.7,1065.2
2026-03-03 15:00:00+00:00,563.9,1029.7,1593.6
2026-03-03 16:00:00+00:00,1101.2,1014.0,2115.2
2026-03-03 17:00:00+00:00,1443.4,1027.2,2470.6
2026-03-03 18:00:00+00:00,1463.5,1021.2,2484.8
2026-03-03 19:00:00+00:00,1419.1,1023.1,2442.2
2026-03-03 20:00:00+00:00,1443.8,1027.3,2471.1
2026-03-03 21:00:00+00:00,1141.9,1011.5,2153.4
2026-03-03 22:00:00+00:00,769.1,1021.4,1790.6
2026-03-03 23:00:00+00:00,-46.9,1021.4,974.5
2026-03-04 00:00:00+00:00,-252.5,1025.4,772.9
2026-03-04 01:00:00+00:00,-286.2,1024.8,738.5
2026-03-04 02:00:00+00:00,-123.7,990.6,866.9
2026-03-04 03:00:00+00:00,68.3,1015.8,1084.2
2026-03-04 04:00:00+00:00,484.2,1000.6,1484.8
2026-03-04 05:00:00+00:00,721.5,1028.1,1749.6
2026-03-04 06:00:00+00:00,929.3,1029.2,1958.4
2026-03-04 07:00:00+00:00,1097.0,1024.6,2121.7
2026-03-04 08:00:00+00:00,1324.9,888.7,2213.6
2026-03-04 09:00:00+00:00,1529.7,789.0,2318.7
2026-03-04 10:00:00+00:00,1804.4,749.5,2553.9
2026-03-04 11:00:00+00:00,1854.6,573.5,2428.2
2026-03-04 12:00:00+00:00,1786.7,705.4,2492.1
2026-03-04 13:00:00+00:00,1661.1,744.4,2405.5
2026-03-04 14:00:00+00:00,1245.8,770.5,2016.3
2026-03-04 15:00:00+00:00,1359.6,988.2,2347.8
2026-03-04 16:00:00+00:00,2007.3,1010.7,3018.0
2026-03-04 17:00:00+00:00,1923.2,1024.5,2947.8
2026-03-04 18:00:00+00:00,1899.2,1017.4,2916.6
2026-03-04 19:00:00+00:00,1908.5,1011.2,2919.6
2026-03-04 20:00:00+00:00,2125.4,974.2,3099.6
2026-03-04 21:00:00+00:00,1879.4,1027.6,2907.0
2026-03-04 22:00:00+00:00,2064.6,1021.8,3086.4
2026-03-04 23:00:00+00:00,1785.6,1029.6,2815.2
2026-03-05 00:00:00+00:00,1618.5,1011.5,2630.1
2026-03-05 01:00:00+00:00,1561.7,1029.6,2591.3
2026-03-05 02:00:00+00:00,1674.2,1027.2,2701.4
2026-03-05 03:00:00+00:00,1480.5,1019.0,2499.5
2026-03-05 04:00:00+00:00,1472.0,1023.8,2495.9
2026-03-05 05:00:00+00:00,1679.8,1026.5,2706.3
2026-03-05 06:00:00+00:00,1873.8,1017.8,2891.5
2026-03-05 07:00:00+00:00,2069.0,948.5,3017.5
2026-03-05 08:00:00+00:00,2665.0,387.6,3052.6
2026-03-05 09:00:00+00:00,2885.4,27.4,2912.8
2026-03-05 10:00:00+00:00,2711.0,-310.4,2400.5
2026-03-05 11:00:00+00:00,2664.0,-297.4,2366.6
2026-03-05 12:00:00+00:00,2675.8,-16.1,2659.7
2026-03-05 13:00:00+00:00,2349.4,356.7,2706.1
2026-03-05 14:00:00+00:00,1883.4,902.4,2785.8
2026-03-05 15:00:00+00:00,1783.3,958.5,2741.8
2026-03-05 16:00:00+00:00,1742.7,835.9,2578.6
2026-03-05 17:00:00+00:00,1788.1,947.9,2736.0
2026-03-05 18:00:00+00:00,2025.1,969.6,2994.7
2026-03-05 19:00:00+00:00,2076.5,952.7,3029.2
2026-03-05 20:00:00+00:00,2179.2,923.4,3102.6
2026-03-05 21:00:00+00:00,2103.5,886.8,2990.3
2026-03-05 22:00:00+00:00,2155.7,873.8,3029.5
2026-03-05 23:00:00+00:00,2001.3,1028.5,3029.8
2026-03-06 00:00:00+00:00,1961.0,1029.4,2990.4
2026-03-06 01:00:00+00:00,1441.7,1023.3,2465.0
2026-03-06 02:00:00+00:00,888.1,1022.7,1910.8
2026-03-06 03:00:00+00:00,656.3,1019.7,1676.0
2026-03-06 04:00:00+00:00,461.6,1029.6,1491.2
2026-03-06 05:00:00+00:00,474.5,1029.6,1504.1
2026-03-06 06:00:00+00:00,666.6,1023.9,1690.5
2026-03-06 07:00:00+00:00,789.9,1018.0,1807.9
2026-03-06 08:00:00+00:00,994.9,832.3,1827.2
2026-03-06 09:00:00+00:00,1011.4,680.5,1692.0
2026-03-06 10:00:00+00:00,1191.1,525.8,1716.9
2026-03-06 11:00:00+00:00,1342.6,471.0,1813.6
2026-03-06 12:00:00+00:00,1529.3,514.6,2043.9
2026-03-06 13:00:00+00:00,1664.9,728.5,2393.4
2026-03-06 14:00:00+00:00,1509.9,949.2,2459.2
2026-03-06 15:00:00+00:00,1620.8,1027.6,2648.5
2026-03-06 16:00:00+00:00,1728.8,1020.9,2749.7
2026-03-06 17:00:00+00:00,1049.7,1029.0,2078.6
2026-03-06 18:00:00+00:00,354.8,1027.9,1382.7
2026-03-06 19:00:00+00:00,-460.9,1029.6,568.7
2026-03-06 20:00:00+00:00,-661.9,1013.4,351.5
2026-03-06 21:00:00+00:00,-735.1,1025.0,289.9
2026-03-06 22:00:00+00:00,-801.6,1026.6,224.9
2026-03-06 23:00:00+00:00,-762.8,1023.6,260.8
2026-03-07 00:00:00+00:00,-494.0,1024.6,530.7
2026-03-07 01:00:00+00:00,-553.7,1013.6,459.9
2026-03-07 02:00:00+00:00,-306.2,1029.3,723.1
2026-03-07 03:00:00+00:00,50.0,1026.2,1076.2
2026-03-07 04:00:00+00:00,404.0,1015.2,1419.2
2026-03-07 05:00:00+00:00,660.7,1029.7,1690.4
2026-03-07 06:00:00+00:00,1122.5,1029.0,2151.5
2026-03-07 07:00:00+00:00,1247.4,1013.0,2260.4
2026-03-07 08:00:00+00:00,1261.3,928.3,2189.7
2026-03-07 09:00:00+00:00,1045.3,652.8,1698.1
2026-03-07 10:00:00+00:00,766.1,385.7,1151.8
2026-03-07 11:00:00+00:00,402.7,270.8,673.5
2026-03-07 12:00:00+00:00,-311.8,668.6,356.8
2026-03-07 13:00:00+00:00,-523.1,919.3,396.2
2026-03-07 14:00:00+00:00,-248.2,1024.8,776.6
2026-03-07 15:00:00+00:00,61.2,1021.0,1082.2
2026-03-07 16:00:00+00:00,228.7,1027.7,1256.4
2026-03-07 17:00:00+00:00,78.5,1027.1,1105.6
2026-03-07 18:00:00+00:00,-221.3,1029.9,808.6
2026-03-07 19:00:00+00:00,-564.0,1029.7,465.7
2026-03-07 20:00:00+00:00,-374.1,1023.1,649.0
2026-03-07 21:00:00+00:00,-394.4,1029.7,635.4
2026-03-07 22:00:00+00:00,-699.1,1029.7,330.7
2026-03-07 23:00:00+00:00,-1283.1,1028.2,-254.9
2026-03-08 00:00:00+00:00,-1252.6,1029.3,-223.3
2026-03-08 01:00:00+00:00,-1120.6,1029.7,-90.9
2026-03-08 02:00:00+00:00,-838.1,1029.6,191.6
2026-03-08 03:00:00+00:00,-815.6,1029.7,214.1
2026-03-08 04:00:00+00:00,-1108.6,1028.9,-79.7
2026-03-08 05:00:00+00:00,-960.9,1021.4,60.5
2026-03-08 06:00:00+00:00,-507.5,1009.9,502.4
2026-03-08 07:00:00+00:00,-184.9,922.8,737.9
2026-03-08 08:00:00+00:00,243.4,350.7,594.1
2026-03-08 09:00:00+00:00,500.6,135.9,636.5
2026-03-08 10:00:00+00:00,652.9,129.2,782.1
2026-03-08 11:00:00+00:00,733.6,231.3,964.9
2026-03-08 12:00:00+00:00,727.3,628.2,1355.5
2026-03-08 13:00:00+00:00,613.4,962.7,1576.1
2026-03-08 14:00:00+00:00,261.1,989.6,1250.7
2026-03-08 15:00:00+00:00,238.2,1021.9,1260.1
2026-03-08 16:00:00+00:00,316.6,1017.3,1333.9
2026-03-08 17:00:00+00:00,402.8,1026.8,1429.6
2026-03-08 18:00:00+00:00,550.1,1013.3,1563.4
2026-03-08 19:00:00+00:00,553.9,1022.3,1576.3
2026-03-08 20:00:00+00:00,568.4,1013.7,1582.1
2026-03-08 21:00:00+00:00,467.3,1023.9,1491.2
2026-03-08 22:00:00+00:00,642.1,1015.0,1657.0
2026-03-08 23:00:00+00:00,801.6,992.4,1794.0
2026-03-09 00:00:00+00:00,805.0,971.8,1776.8
2026-03-09 01:00:00+00:00,833.3,1005.3,1838.6
2026-03-09 02:00:00+00:00,849.0,912.9,1761.9
2026-03-09 03:00:00+00:00,1297.5,892.7,2190.2
2026-03-09 04:00:00+00:00,1700.4,984.4,2684.7
2026-03-09 05:00:00+00:00,1635.2,985.7,2620.9
2026-03-09 06:00:00+00:00,1774.7,784.5,2559.2
2026-03-09 07:00:00+00:00,2045.4,376.2,2421.6
2026-03-09 08:00:00+00:00,2376.9,-250.8,2126.1
2026-03-09 09:00:00+00:00,2591.4,-454.1,2137.3
2026-03-09 10:00:00+00:00,2529.5,-257.8,2271.7
2026-03-09 11:00:00+00:00,2425.5,-279.0,2146.5
2026-03-09 12:00:00+00:00,2469.8,169.9,2639.7
2026-03-09 13:00:00+00:00,2162.6,490.0,2652.6
2026-03-09 14:00:00+00:00,1969.7,868.3,2838.0
2026-03-09 15:00:00+00:00,1541.8,839.0,2380.8
2026-03-09 16:00:00+00:00,1319.5,922.4,2241.9
2026-03-09 17:00:00+00:00,1118.0,1028.4,2146.4
2026-03-09 18:00:00+00:00,989.0,1016.2,2005.2
2026-03-09 19:00:00+00:00,791.8,1002.1,1793.9
2026-03-09 20:00:00+00:00,1323.9,1018.9,2342.8
2026-03-09 21:00:00+00:00,1001.5,1004.0,2005.5
2026-03-09 22:00:00+00:00,739.5,1017.0,1756.5
2026-03-09 23:00:00+00:00,203.1,1024.2,1227.3
2026-03-10 00:00:00+00:00,-233.5,996.8,763.3
2026-03-10 01:00:00+00:00,-408.8,1026.5,617.7
2026-03-10 02:00:00+00:00,-472.3,1021.1,548.8
2026-03-10 03:00:00+00:00,-6.0,1017.1,1011.1
2026-03-10 04:00:00+00:00,536.4,1022.3,1558.7
2026-03-10 05:00:00+00:00,802.1,1028.3,1830.5
2026-03-10 06:00:00+00:00,733.8,1027.0,1760.8
2026-03-10 07:00:00+00:00,1025.0,801.8,1826.8
2026-03-10 08:00:00+00:00,1521.5,407.9,1929.4
2026-03-10 09:00:00+00:00,1515.5,115.0,1630.5
2026-03-10 10:00:00+00:00,1368.7,236.8,1605.5
2026-03-10 11:00:00+00:00,1140.4,263.1,1403.5
2026-03-10 12:00:00+00:00,1063.3,343.8,1407.1
2026-03-10 13:00:00+00:00,831.4,490.3,1321.7
2026-03-10 14:00:00+00:00,483.3,731.4,1214.7
2026-03-10 15:00:00+00:00,-45.3,910.9,865.6
2026-03-10 16:00:00+00:00,-298.6,984.8,686.2
2026-03-10 17:00:00+00:00,-127.7,995.7,868.0
2026-03-10 18:00:00+00:00,62.0,969.7,1031.7
2026-03-10 19:00:00+00:00,493.7,905.8,1399.5
2026-03-10 20:00:00+00:00,212.6,818.2,1030.8
2026-03-10 21:00:00+00:00,144.9,759.4,904.3
2026-03-10 22:00:00+00:00,246.1,699.4,945.5
2026-03-10 23:00:00+00:00,-58.6,710.1,651.5
2026-03-11 00:00:00+00:00,-381.6,687.9,306.4
2026-03-11 01:00:00+00:00,-131.7,683.3,551.6
2026-03-11 02:00:00+00:00,53.0,700.9,753.9
2026-03-11 03:00:00+00:00,174.2,786.0,960.2
2026-03-11 04:00:00+00:00,361.1,1005.7,1366.8
2026-03-11 05:00:00+00:00,449.2,1000.6,1449.7
2026-03-11 06:00:00+00:00,638.9,962.5,1601.4
2026-03-11 07:00:00+00:00,1145.6,762.8,1908.5
2026-03-11 08:00:00+00:00,1449.4,401.5,1851.0
2026-03-11 09:00:00+00:00,1763.1,221.2,1984.4
2026-03-11 10:00:00+00:00,2080.6,190.9,2271.4
2026-03-11 11:00:00+00:00,1847.9,138.8,1986.7
2026-03-11 12:00:00+00:00,1935.8,296.0,2231.7
2026-03-11 13:00:00+00:00,1537.4,715.0,2252.5
2026-03-11 14:00:00+00:00,1214.7,971.7,2186.4
2026-03-11 15:00:00+00:00,1083.2,1016.0,2099.3
2026-03-11 16:00:00+00:00,984.6,1020.3,2004.9
2026-03-11 17:00:00+00:00,907.8,1007.7,1915.5
2026-03-11 18:00:00+00:00,438.7,983.3,1422.0
2026-03-11 19:00:00+00:00,153.3,903.2,1056.5
2026-03-11 20:00:00+00:00,304.4,785.1,1089.5
2026-03-11 21:00:00+00:00,174.2,755.3,929.5
2026-03-11 22:00:00+00:00,-125.2,786.2,660.9
2026-03-11 23:00:00+00:00,-334.5,711.3,376.8
2026-03-12 00:00:00+00:00,-550.3,770.0,219.7
2026-03-12 01:00:00+00:00,-553.3,906.2,352.9
2026-03-12 02:00:00+00:00,-786.6,909.2,122.6
2026-03-12 03:00:00+00:00,-858.8,847.3,-11.4
2026-03-12 04:00:00+00:00,-705.5,900.3,194.8
2026-03-12 05:00:00+00:00,-669.0,970.8,301.8
2026-03-12 06:00:00+00:00,-595.4,994.5,399.1
2026-03-12 07:00:00+00:00,-559.0,864.5,305.5
2026-03-12 08:00:00+00:00,-318.5,742.5,424.0
2026-03-12 09:00:00+00:00,21.9,698.2,720.1
2026-03-12 10:00:00+00:00,431.4,392.8,824.3
2026-03-12 11:00:00+00:00,698.1,460.7,1158.8
2026-03-12 12:00:00+00:00,600.9,720.2,1321.0
2026-03-12 13:00:00+00:00,-83.5,908.5,825.0
2026-03-12 14:00:00+00:00,-375.4,1001.4,626.0
2026-03-12 15:00:00+00:00,-538.8,1019.8,481.0
2026-03-12 16:00:00+00:00,-551.9,1025.1,473.1
2026-03-12 17:00:00+00:00,-776.1,1017.7,241.5
2026-03-12 18:00:00+00:00,-1171.8,1009.2,-162.7
2026-03-12 19:00:00+00:00,-1359.3,1011.3,-348.0
2026-03-12 20:00:00+00:00,-1016.5,1018.8,2.3
2026-03-12 21:00:00+00:00,-929.6,996.9,67.3
2026-03-12 22:00:00+00:00,-1390.6,989.0,-401.6
2026-03-12 23:00:00+00:00,-1429.2,926.2,-502.9
2026-03-13 00:00:00+00:00,-1434.8,998.3,-436.4
2026-03-13 01:00:00+00:00,-1398.4,983.9,-414.5
2026-03-13 02:00:00+00:00,-1407.1,979.3,-427.8
2026-03-13 03:00:00+00:00,-1316.6,811.4,-505.2
2026-03-13 04:00:00+00:00,-1096.5,976.7,-119.8
2026-03-13 05:00:00+00:00,-919.7,843.6,-76.1
2026-03-13 06:00:00+00:00,-1085.7,876.5,-209.3
2026-03-13 07:00:00+00:00,-600.2,416.9,-183.3
2026-03-13 08:00:00+00:00,-403.8,-236.4,-640.1
2026-03-13 09:00:00+00:00,-351.9,-430.9,-782.9
2026-03-13 10:00:00+00:00,-226.6,-543.0,-769.7
2026-03-13 11:00:00+00:00,-408.1,-541.7,-949.8
2026-03-13 12:00:00+00:00,-726.3,-345.5,-1071.9
2026-03-13 13:00:00+00:00,-857.3,-187.1,-1044.5
2026-03-13 14:00:00+00:00,-1178.7,426.9,-751.9
2026-03-13 15:00:00+00:00,-1738.5,944.6,-793.8
2026-03-13 16:00:00+00:00,-1609.6,990.7,-618.9
2026-03-13 17:00:00+00:00,-1960.5,974.0,-986.5
2026-03-13 18:00:00+00:00,-2332.6,893.5,-1439.1
2026-03-13 19:00:00+00:00,-2231.5,981.0,-1250.5
2026-03-13 20:00:00+00:00,-1938.1,991.9,-946.2
2026-03-13 21:00:00+00:00,-2052.9,929.6,-1123.3
2026-03-13 22:00:00+00:00,-2220.3,944.4,-1275.9
2026-03-13 23:00:00+00:00,-2253.0,926.9,-1326.1
2026-03-14 00:00:00+00:00,-2428.4,788.8,-1639.7
2026-03-14 01:00:00+00:00,-2220.9,668.5,-1552.4
2026-03-14 02:00:00+00:00,-2165.3,610.9,-1554.5
2026-03-14 03:00:00+00:00,-1973.7,595.8,-1377.9
2026-03-14 04:00:00+00:00,-1489.5,400.9,-1088.6
2026-03-14 05:00:00+00:00,-1001.8,314.8,-687.0
2026-03-14 06:00:00+00:00,-825.4,-230.7,-1056.2
2026-03-14 07:00:00+00:00,-157.6,-611.2,-768.8
2026-03-14 08:00:00+00:00,329.0,-844.3,-515.2
2026-03-14 09:00:00+00:00,976.7,-977.3,-0.6
2026-03-14 10:00:00+00:00,1256.3,-987.1,269.2
2026-03-14 11:00:00+00:00,1276.6,-986.6,290.0
2026-03-14 12:00:00+00:00,1259.6,-942.8,316.8
2026-03-14 13:00:00+00:00,1218.9,-794.8,424.2
2026-03-14 14:00:00+00:00,984.7,-531.3,453.4
2026-03-14 15:00:00+00:00,569.8,26.8,596.6
2026-03-14 16:00:00+00:00,276.8,317.2,594.0
2026-03-14 17:00:00+00:00,315.0,500.2,815.2
2026-03-14 18:00:00+00:00,445.9,543.2,989.1
2026-03-14 19:00:00+00:00,-242.2,604.4,362.2
2026-03-14 20:00:00+00:00,244.0,483.2,727.2
2026-03-14 21:00:00+00:00,494.9,468.4,963.3
2026-03-14 22:00:00+00:00,600.9,515.9,1116.8
2026-03-14 23:00:00+00:00,63.0,234.3,297.3
2026-03-15 00:00:00+00:00,126.0,226.0,352.0
2026-03-15 01:00:00+00:00,100.9,173.4,274.3
2026-03-15 02:00:00+00:00,-132.5,120.2,-12.3
2026-03-15 03:00:00+00:00,-132.8,146.4,13.7
2026-03-15 04:00:00+00:00,88.6,235.7,324.3
2026-03-15 05:00:00+00:00,477.5,87.3,564.8
2026-03-15 06:00:00+00:00,800.8,-313.5,487.2
2026-03-15 07:00:00+00:00,788.1,-596.4,191.6
2026-03-15 08:00:00+00:00,802.1,-767.7,34.4
2026-03-15 09:00:00+00:00,1042.2,-980.8,61.4
2026-03-15 10:00:00+00:00,1215.6,-996.7,218.9
2026-03-15 11:00:00+00:00,1258.5,-993.8,264.7
2026-03-15 12:00:00+00:00,1369.2,-882.0,487.2
2026-03-15 13:00:00+00:00,1625.9,-328.3,1297.5
2026-03-15 14:00:00+00:00,1544.1,360.8,1904.9
2026-03-15 15:00:00+00:00,1357.7,763.9,2121.6
2026-03-15 16:00:00+00:00,1644.9,860.7,2505.6
2026-03-15 17:00:00+00:00,1628.0,945.0,2573.0
2026-03-15 18:00:00+00:00,1434.4,991.5,2425.9
2026-03-15 19:00:00+00:00,1157.4,1018.4,2175.9
2026-03-15 20:00:00+00:00,1330.4,1013.9,2344.3
2026-03-15 21:00:00+00:00,1113.4,1029.5,2143.0
2026-03-15 22:00:00+00:00,1008.3,1021.7,2030.1
2026-03-15 23:00:00+00:00,999.0,1007.1,2006.1
2026-03-16 00:00:00+00:00,668.9,1021.7,1690.5
2026-03-16 01:00:00+00:00,489.1,1016.1,1505.2
2026-03-16 02:00:00+00:00,609.6,1016.4,1626.1
2026-03-16 03:00:00+00:00,948.9,1014.9,1963.9
2026-03-16 04:00:00+00:00,1207.9,1005.1,2213.0
2026-03-16 05:00:00+00:00,1053.6,988.4,2041.9
2026-03-16 06:00:00+00:00,878.1,1029.0,1907.0
2026-03-16 07:00:00+00:00,1014.1,1029.6,2043.7
2026-03-16 08:00:00+00:00,1256.4,1026.1,2282.5
2026-03-16 09:00:00+00:00,1317.0,987.6,2304.6
2026-03-16 10:00:00+00:00,1131.9,682.5,1814.4
2026-03-16 11:00:00+00:00,905.1,697.3,1602.4
2026-03-16 12:00:00+00:00,755.4,674.1,1429.5
2026-03-16 13:00:00+00:00,661.1,958.4,1619.5
2026-03-16 14:00:00+00:00,1085.1,927.1,2012.2
2026-03-16 15:00:00+00:00,616.3,1021.0,1637.3
2026-03-16 16:00:00+00:00,509.8,1019.6,1529.4
2026-03-16 17:00:00+00:00,448.3,1003.7,1452.0
2026-03-16 18:00:00+00:00,340.3,1020.1,1360.4
2026-03-16 19:00:00+00:00,408.7,1020.4,1429.1
2026-03-16 20:00:00+00:00,503.4,1007.1,1510.5
2026-03-16 21:00:00+00:00,508.4,950.4,1458.8
2026-03-16 22:00:00+00:00,542.0,814.8,1356.8
2026-03-16 23:00:00+00:00,496.1,655.8,1151.9
2026-03-17 00:00:00+00:00,116.7,771.5,888.2
2026-03-17 01:00:00+00:00,-8.9,809.8,800.9
2026-03-17 02:00:00+00:00,182.6,846.8,1029.4
2026-03-17 03:00:00+00:00,321.8,906.4,1228.2
2026-03-17 04:00:00+00:00,691.4,1005.0,1696.4
2026-03-17 05:00:00+00:00,623.8,980.9,1604.7
2026-03-17 06:00:00+00:00,613.4,750.8,1364.2
2026-03-17 07:00:00+00:00,727.7,441.7,1169.4
2026-03-17 08:00:00+00:00,582.0,447.8,1029.9
2026-03-17 09:00:00+00:00,623.5,356.4,980.0
2026-03-17 10:00:00+00:00,951.7,348.7,1300.4
2026-03-17 11:00:00+00:00,919.9,368.2,1288.1
2026-03-17 12:00:00+00:00,783.8,512.4,1296.3
2026-03-17 13:00:00+00:00,575.2,728.8,1304.0
2026-03-17 14:00:00+00:00,339.2,989.7,1328.9
2026-03-17 15:00:00+00:00,243.4,1020.9,1264.2
2026-03-17 16:00:00+00:00,285.8,1016.2,1302.0
2026-03-17 17:00:00+00:00,49.0,1028.9,1077.9
2026-03-17 18:00:00+00:00,-204.0,1026.8,822.8
2026-03-17 19:00:00+00:00,-594.6,1020.9,426.2
2026-03-17 20:00:00+00:00,-452.5,1021.4,568.9
2026-03-17 21:00:00+00:00,-635.0,1018.2,383.2
2026-03-17 22:00:00+00:00,-564.7,1026.9,462.2
2026-03-17 23:00:00+00:00,-1059.2,1025.9,-33.3
2026-03-18 00:00:00+00:00,-1259.5,1023.5,-236.0
2026-03-18 01:00:00+00:00,-1430.0,1018.0,-412.0
2026-03-18 02:00:00+00:00,-1372.4,1014.2,-358.2
2026-03-18 03:00:00+00:00,-1233.1,1025.6,-207.4
2026-03-18 04:00:00+00:00,-1317.4,1024.7,-292.7
2026-03-18 05:00:00+00:00,-1341.2,1021.4,-319.8
2026-03-18 06:00:00+00:00,-986.9,1029.0,42.1
2026-03-18 07:00:00+00:00,-773.7,1028.0,254.4
2026-03-18 08:00:00+00:00,-893.8,950.4,56.5
2026-03-18 09:00:00+00:00,-538.2,806.2,268.0
2026-03-18 10:00:00+00:00,-556.0,292.2,-263.7
2026-03-18 11:00:00+00:00,-750.6,515.1,-235.5
2026-03-18 12:00:00+00:00,-756.7,996.3,239.6
2026-03-18 13:00:00+00:00,-938.1,800.2,-137.9
2026-03-18 14:00:00+00:00,-1515.0,914.3,-600.7
2026-03-18 15:00:00+00:00,-1640.0,1018.4,-621.6
2026-03-18 16:00:00+00:00,-1415.9,1029.1,-386.8
2026-03-18 17:00:00+00:00,-1291.1,1028.6,-262.4
2026-03-18 18:00:00+00:00,-930.0,1029.4,99.4
2026-03-18 19:00:00+00:00,-1161.4,1025.4,-136.0
2026-03-18 20:00:00+00:00,-820.4,1013.6,193.1
2026-03-18 21:00:00+00:00,-827.4,1026.4,198.9
2026-03-18 22:00:00+00:00,-1125.4,1013.2,-112.2
2026-03-18 23:00:00+00:00,-1010.4,1022.2,11.8
2026-03-19 00:00:00+00:00,-1167.9,1018.4,-149.5
2026-03-19 01:00:00+00:00,-1149.4,1029.3,-120.1
2026-03-19 02:00:00+00:00,-1284.1,1025.9,-258.2
2026-03-19 03:00:00+00:00,-1131.2,1027.3,-103.9
2026-03-19 04:00:00+00:00,-639.7,1029.7,390.0
2026-03-19 05:00:00+00:00,-539.4,1026.5,487.1
2026-03-19 06:00:00+00:00,-337.3,1018.7,681.4
2026-03-19 07:00:00+00:00,-139.6,1029.4,889.7
2026-03-19 08:00:00+00:00,-55.6,930.7,875.2
2026-03-19 09:00:00+00:00,221.8,868.5,1090.4
2026-03-19 10:00:00+00:00,-180.0,943.7,763.7
2026-03-19 11:00:00+00:00,-231.7,1026.1,794.4
2026-03-19 12:00:00+00:00,-316.3,1029.8,713.5
2026-03-19 13:00:00+00:00,-161.3,1029.6,868.3
2026-03-19 14:00:00+00:00,-4.7,1026.9,1022.2
2026-03-19 15:00:00+00:00,46.4,1026.1,1072.5
2026-03-19 16:00:00+00:00,-373.5,1024.1,650.6
2026-03-19 17:00:00+00:00,-633.8,1029.6,395.8
2026-03-19 18:00:00+00:00,-780.7,1027.1,246.4
2026-03-19 19:00:00+00:00,-1094.5,1022.3,-72.2
2026-03-19 20:00:00+00:00,-782.6,1023.7,241.2
2026-03-19 21:00:00+00:00,-444.5,1029.6,585.2
2026-03-19 22:00:00+00:00,-288.2,1017.0,728.9
2026-03-19 23:00:00+00:00,-412.8,1011.5,598.7
2026-03-20 00:00:00+00:00,-515.6,967.0,451.4
2026-03-20 01:00:00+00:00,301.3,951.7,1253.0
2026-03-20 02:00:00+00:00,587.6,1014.2,1601.8
2026-03-20 03:00:00+00:00,174.3,861.6,1035.9
2026-03-20 04:00:00+00:00,213.4,908.5,1121.9
2026-03-20 05:00:00+00:00,313.1,875.0,1188.1
2026-03-20 06:00:00+00:00,802.2,777.5,1579.7
2026-03-20 07:00:00+00:00,1190.1,639.6,1829.7
2026-03-20 08:00:00+00:00,1307.8,342.2,1649.9
2026-03-20 09:00:00+00:00,921.3,152.2,1073.4
2026-03-20 10:00:00+00:00,1197.0,-98.3,1098.7
2026-03-20 11:00:00+00:00,1248.2,-207.5,1040.7
2026-03-20 12:00:00+00:00,1024.6,109.1,1133.7
2026-03-20 13:00:00+00:00,862.9,386.2,1249.1
2026-03-20 14:00:00+00:00,524.8,696.3,1221.0
2026-03-20 15:00:00+00:00,412.9,984.4,1397.2
2026-03-20 16:00:00+00:00,113.8,1027.7,1141.5
2026-03-20 17:00:00+00:00,-211.3,1022.1,810.8
2026-03-20 18:00:00+00:00,-507.9,1008.5,500.6
2026-03-20 19:00:00+00:00,-1026.4,1025.1,-1.3
2026-03-20 20:00:00+00:00,-589.0,1021.7,432.6
2026-03-20 21:00:00+00:00,-549.1,1027.6,478.5
2026-03-20 22:00:00+00:00,-687.9,1029.8,341.9
2026-03-20 23:00:00+00:00,-1208.4,1026.3,-182.1
2026-03-21 00:00:00+00:00,-1579.0,1025.2,-553.8
2026-03-21 01:00:00+00:00,-1721.0,1027.7,-693.4
2026-03-21 02:00:00+00:00,-1926.0,1029.8,-896.2
2026-03-21 03:00:00+00:00,-1999.2,1024.6,-974.5
2026-03-21 04:00:00+00:00,-1738.1,1029.7,-708.4
2026-03-21 05:00:00+00:00,-1999.3,993.3,-1006.0
2026-03-21 06:00:00+00:00,-2090.7,831.6,-1259.1
2026-03-21 07:00:00+00:00,-1740.8,290.1,-1450.7
2026-03-21 08:00:00+00:00,-1614.1,-72.9,-1687.1
2026-03-21 09:00:00+00:00,-1955.5,-151.7,-2107.2
2026-03-21 10:00:00+00:00,-1598.9,-16.1,-1615.0
2026-03-21 11:00:00+00:00,-1259.3,-22.4,-1281.7
2026-03-21 12:00:00+00:00,-1035.7,4.9,-1030.8
2026-03-21 13:00:00+00:00,-989.7,97.3,-892.5
2026-03-21 14:00:00+00:00,-997.4,452.3,-545.0
2026-03-21 15:00:00+00:00,-1123.1,799.7,-323.4
2026-03-21 16:00:00+00:00,-1287.6,991.4,-296.2
2026-03-21 17:00:00+00:00,-1136.3,1004.2,-132.2
2026-03-21 18:00:00+00:00,-1093.0,1017.3,-75.7
2026-03-21 19:00:00+00:00,-939.8,1026.6,86.7
2026-03-21 20:00:00+00:00,-530.2,1022.6,492.4
2026-03-21 21:00:00+00:00,-626.2,916.2,290.1
2026-03-21 22:00:00+00:00,-330.7,995.8,665.1
2026-03-21 23:00:00+00:00,-380.8,750.6,369.8
2026-03-22 00:00:00+00:00,-50.5,743.6,693.1
2026-03-22 01:00:00+00:00,8.4,671.1,679.5
2026-03-22 02:00:00+00:00,209.6,622.6,832.1
2026-03-22 03:00:00+00:00,374.5,662.8,1037.2
2026-03-22 04:00:00+00:00,477.2,710.9,1188.1
2026-03-22 05:00:00+00:00,412.0,650.9,1062.9
2026-03-22 06:00:00+00:00,507.0,315.9,822.9
2026-03-22 07:00:00+00:00,820.3,-7.1,813.2
2026-03-22 08:00:00+00:00,1067.5,-624.7,442.7
2026-03-22 09:00:00+00:00,1066.9,-865.7,201.2
2026-03-22 10:00:00+00:00,938.0,-839.4,98.6
2026-03-22 11:00:00+00:00,836.4,-811.6,24.8
2026-03-22 12:00:00+00:00,335.0,-791.6,-456.6
2026-03-22 13:00:00+00:00,-125.6,-621.3,-746.8
2026-03-22 14:00:00+00:00,-650.7,97.1,-553.6
2026-03-22 15:00:00+00:00,-1633.1,896.6,-736.5
2026-03-22 16:00:00+00:00,-2031.0,1023.9,-1007.1
2026-03-22 17:00:00+00:00,-1637.1,1028.8,-608.3
2026-03-22 18:00:00+00:00,-1765.2,987.1,-778.2
2026-03-22 19:00:00+00:00,-2085.0,983.6,-1101.5
2026-03-22 20:00:00+00:00,-1986.2,904.9,-1081.3
2026-03-22 21:00:00+00:00,-2018.8,955.4,-1063.4
2026-03-22 22:00:00+00:00,-2092.2,1021.0,-1071.3
2026-03-22 23:00:00+00:00,-1813.4,1010.8,-802.5
2026-03-23 00:00:00+00:00,-2011.1,999.8,-1011.4
2026-03-23 01:00:00+00:00,-2071.6,989.0,-1082.6
2026-03-23 02:00:00+00:00,-2100.5,1017.9,-1082.7
2026-03-23 03:00:00+00:00,-2249.1,1008.3,-1240.8
2026-03-23 04:00:00+00:00,-1950.3,998.6,-951.8
2026-03-23 05:00:00+00:00,-1520.8,1010.2,-510.7
2026-03-23 06:00:00+00:00,-1036.2,789.0,-247.2
2026-03-23 07:00:00+00:00,-215.4,257.2,41.7
2026-03-23 08:00:00+00:00,52.7,194.0,246.7
2026-03-23 09:00:00+00:00,-268.7,101.1,-167.6
2026-03-23 10:00:00+00:00,-185.4,107.0,-78.3
2026-03-23 11:00:00+00:00,146.4,81.6,228.0
2026-03-23 12:00:00+00:00,-75.5,202.9,127.5
2026-03-23 13:00:00+00:00,-278.9,746.0,467.1
2026-03-23 14:00:00+00:00,-43.6,989.3,945.7
2026-03-23 15:00:00+00:00,-79.0,1012.6,933.6
2026-03-23 16:00:00+00:00,-202.4,1029.3,826.9
2026-03-23 17:00:00+00:00,-630.9,1019.9,389.0
2026-03-23 18:00:00+00:00,-764.4,1028.6,264.2
2026-03-23 19:00:00+00:00,-1194.6,1002.9,-191.8
2026-03-23 20:00:00+00:00,-1418.7,1011.0,-407.8
2026-03-23 21:00:00+00:00,-1592.3,985.6,-606.7
2026-03-23 22:00:00+00:00,-1751.2,1005.7,-745.5
2026-03-23 23:00:00+00:00,-1657.1,1024.8,-632.3
2026-03-24 00:00:00+00:00,-1389.8,1018.4,-371.4
2026-03-24 01:00:00+00:00,-1110.6,1023.9,-86.7
2026-03-24 02:00:00+00:00,-990.1,1028.2,38.1
2026-03-24 03:00:00+00:00,-887.6,1013.3,125.7
2026-03-24 04:00:00+00:00,-653.1,1020.1,367.0
2026-03-24 05:00:00+00:00,119.1,1022.9,1142.0
2026-03-24 06:00:00+00:00,55.5,912.9,968.5
2026-03-24 07:00:00+00:00,-199.8,239.5,39.7
2026-03-24 08:00:00+00:00,-191.0,-135.9,-326.9
2026-03-24 09:00:00+00:00,-185.8,-424.6,-610.4
2026-03-24 10:00:00+00:00,-838.6,-476.2,-1314.8
2026-03-24 11:00:00+00:00,-1121.8,-355.6,-1477.4
2026-03-24 12:00:00+00:00,-1593.6,5.4,-1588.2
2026-03-24 13:00:00+00:00,-1499.2,43.3,-1455.8
2026-03-24 14:00:00+00:00,-1561.0,499.8,-1061.2
2026-03-24 15:00:00+00:00,-1838.6,867.9,-970.6
2026-03-24 16:00:00+00:00,-2471.0,1006.8,-1464.2
2026-03-24 17:00:00+00:00,-2448.2,1002.3,-1445.9
2026-03-24 18:00:00+00:00,-2404.1,910.3,-1493.8
2026-03-24 19:00:00+00:00,-2448.3,795.4,-1653.0
2026-03-24 20:00:00+00:00,-2075.7,610.7,-1465.1
2026-03-24 21:00:00+00:00,-2151.5,630.8,-1520.7
2026-03-24 22:00:00+00:00,-1650.0,653.7,-996.3
2026-03-24 23:00:00+00:00,-1269.4,327.2,-942.2
2026-03-25 00:00:00+00:00,-986.8,285.4,-701.4
2026-03-25 01:00:00+00:00,-758.4,-0.4,-758.8
2026-03-25 02:00:00+00:00,-527.0,132.1,-394.9
2026-03-25 03:00:00+00:00,-576.7,158.8,-417.8
2026-03-25 04:00:00+00:00,-164.8,196.2,31.4
2026-03-25 05:00:00+00:00,64.7,-3.3,61.4
2026-03-25 06:00:00+00:00,-73.2,-209.4,-282.7
2026-03-25 07:00:00+00:00,506.4,-236.4,270.0
2026-03-25 08:00:00+00:00,806.9,-228.8,578.0
2026-03-25 09:00:00+00:00,1075.9,-198.0,877.9
2026-03-25 10:00:00+00:00,1020.4,-314.8,705.6
2026-03-25 11:00:00+00:00,953.2,-386.8,566.4
2026-03-25 12:00:00+00:00,921.1,-385.4,535.7
2026-03-25 13:00:00+00:00,553.9,-268.2,285.7
2026-03-25 14:00:00+00:00,-554.6,-261.6,-816.2
2026-03-25 15:00:00+00:00,-1178.3,68.0,-1110.2
2026-03-25 16:00:00+00:00,-1474.6,194.8,-1279.8
2026-03-25 17:00:00+00:00,-1686.0,670.9,-1015.1
2026-03-25 18:00:00+00:00,-1822.3,923.4,-898.9
2026-03-25 19:00:00+00:00,-2189.7,965.6,-1224.1
2026-03-25 20:00:00+00:00,-2424.1,927.7,-1496.4
2026-03-25 21:00:00+00:00,-2792.1,902.5,-1889.6
2026-03-25 22:00:00+00:00,-2528.7,848.1,-1680.5
2026-03-25 23:00:00+00:00,-2674.3,1015.9,-1658.5
2026-03-26 00:00:00+00:00,-2969.2,1008.6,-1960.6
2026-03-26 01:00:00+00:00,-2951.3,983.9,-1967.4
2026-03-26 02:00:00+00:00,-2886.0,994.2,-1891.7
2026-03-26 03:00:00+00:00,-2808.2,1000.5,-1807.7
2026-03-26 04:00:00+00:00,-2580.9,1005.9,-1575.1
2026-03-26 05:00:00+00:00,-2497.3,1018.5,-1478.8
2026-03-26 06:00:00+00:00,-2467.2,944.1,-1523.1
2026-03-26 07:00:00+00:00,-2467.1,603.0,-1864.2
2026-03-26 08:00:00+00:00,-2069.4,356.9,-1712.6
2026-03-26 09:00:00+00:00,-1991.7,182.2,-1809.5
2026-03-26 10:00:00+00:00,-1929.4,246.3,-1683.1
2026-03-26 11:00:00+00:00,-2057.4,578.8,-1478.5
2026-03-26 12:00:00+00:00,-1990.8,675.4,-1315.4
2026-03-26 13:00:00+00:00,-1806.9,691.3,-1115.6
2026-03-26 14:00:00+00:00,-1756.1,678.2,-1077.9
2026-03-26 15:00:00+00:00,-1390.9,894.9,-495.9
2026-03-26 16:00:00+00:00,-1415.6,1019.2,-396.5
2026-03-26 17:00:00+00:00,-1241.7,1025.8,-215.9
2026-03-26 18:00:00+00:00,-1025.0,1024.7,-0.3
2026-03-26 19:00:00+00:00,-1515.1,1014.0,-501.1
2026-03-26 20:00:00+00:00,-1242.7,1003.2,-239.5
2026-03-26 21:00:00+00:00,-1618.8,1018.6,-600.2
2026-03-26 22:00:00+00:00,-1762.2,1012.2,-750.0
2026-03-26 23:00:00+00:00,-1452.4,1015.8,-436.7
2026-03-27 00:00:00+00:00,-1398.4,980.6,-417.8
2026-03-27 01:00:00+00:00,-958.0,966.2,8.2
2026-03-27 02:00:00+00:00,-336.8,1023.5,686.7
2026-03-27 03:00:00+00:00,6.0,1029.3,1035.3
2026-03-27 04:00:00+00:00,522.7,1017.8,1540.4
2026-03-27 05:00:00+00:00,741.1,1001.3,1742.4
2026-03-27 06:00:00+00:00,824.9,711.9,1536.8
2026-03-27 07:00:00+00:00,1096.2,310.7,1406.9
2026-03-27 08:00:00+00:00,1141.5,-90.9,1050.6
2026-03-27 09:00:00+00:00,1227.9,-509.9,718.0
2026-03-27 10:00:00+00:00,1411.9,-672.5,739.4
2026-03-27 11:00:00+00:00,1709.9,-457.0,1252.9
2026-03-27 12:00:00+00:00,1777.6,-261.2,1516.4
2026-03-27 13:00:00+00:00,1734.6,-64.8,1669.8
2026-03-27 14:00:00+00:00,1564.9,585.8,2150.7
2026-03-27 15:00:00+00:00,1922.5,967.2,2889.7
2026-03-27 16:00:00+00:00,1882.9,1023.2,2906.2
2026-03-27 17:00:00+00:00,1904.9,1023.2,2928.1
2026-03-27 18:00:00+00:00,1908.5,1029.6,2938.1
2026-03-27 19:00:00+00:00,1668.5,1029.7,2698.3
2026-03-27 20:00:00+00:00,1393.6,1021.8,2415.4
2026-03-27 21:00:00+00:00,1482.8,1029.7,2512.5
2026-03-27 22:00:00+00:00,1204.5,1012.8,2217.3
2026-03-27 23:00:00+00:00,457.0,1019.9,1477.0
2026-03-28 00:00:00+00:00,-24.3,1016.9,992.6
2026-03-28 01:00:00+00:00,-583.9,1026.3,442.4
2026-03-28 02:00:00+00:00,-1016.9,1027.7,10.7
2026-03-28 03:00:00+00:00,-1509.0,1029.6,-479.3
2026-03-28 04:00:00+00:00,-1769.1,1029.2,-739.9
2026-03-28 05:00:00+00:00,-1742.8,1026.3,-716.5
2026-03-28 06:00:00+00:00,-1324.4,897.0,-427.4
2026-03-28 07:00:00+00:00,-1188.3,629.1,-559.2
2026-03-28 08:00:00+00:00,-1194.3,81.6,-1112.7
2026-03-28 09:00:00+00:00,-1256.0,213.9,-1042.1
2026-03-28 10:00:00+00:00,-1658.8,134.3,-1524.5
2026-03-28 11:00:00+00:00,-1932.0,216.2,-1715.9
2026-03-28 12:00:00+00:00,-2121.9,423.5,-1698.4
2026-03-28 13:00:00+00:00,-2222.5,615.4,-1607.2
2026-03-28 14:00:00+00:00,-1830.9,755.8,-1075.1
2026-03-28 15:00:00+00:00,-1432.7,1019.3,-413.4
2026-03-28 16:00:00+00:00,-1093.3,1027.9,-65.4
2026-03-28 17:00:00+00:00,-895.8,1029.6,133.9
2026-03-28 18:00:00+00:00,-517.9,1029.8,511.9
2026-03-28 19:00:00+00:00,-484.1,1021.8,537.7
2026-03-28 20:00:00+00:00,-190.8,1016.5,825.7
2026-03-28 21:00:00+00:00,-218.9,1017.8,798.9
2026-03-28 22:00:00+00:00,-96.0,1029.5,933.5
2026-03-28 23:00:00+00:00,-22.9,1029.9,1006.9
2026-03-29 00:00:00+00:00,-151.3,1029.8,878.5
2026-03-29 01:00:00+00:00,49.8,1029.7,1079.6
2026-03-29 02:00:00+00:00,89.3,1029.7,1119.1
2026-03-29 03:00:00+00:00,138.2,1029.8,1168.0
2026-03-29 04:00:00+00:00,38.6,1029.1,1067.8
2026-03-29 05:00:00+00:00,443.1,872.6,1315.7
2026-03-29 06:00:00+00:00,618.0,625.9,1243.9
2026-03-29 07:00:00+00:00,856.3,281.1,1137.4
2026-03-29 08:00:00+00:00,834.0,-37.1,797.0
2026-03-29 09:00:00+00:00,1111.5,-8.6,1102.9
2026-03-29 10:00:00+00:00,1436.7,-195.5,1241.2
2026-03-29 11:00:00+00:00,1489.9,-69.8,1420.1
2026-03-29 12:00:00+00:00,1517.6,225.5,1743.2
2026-03-29 13:00:00+00:00,1596.0,559.4,2155.4
2026-03-29 14:00:00+00:00,1416.3,753.5,2169.8
2026-03-29 15:00:00+00:00,783.3,973.0,1756.3
2026-03-29 16:00:00+00:00,371.6,1010.5,1382.2
2026-03-29 17:00:00+00:00,47.3,1024.3,1071.6
2026-03-29 18:00:00+00:00,-247.1,1017.2,770.1
2026-03-29 19:00:00+00:00,45.9,1024.5,1070.3
2026-03-29 20:00:00+00:00,-29.8,1027.7,997.9
2026-03-29 21:00:00+00:00,-58.9,1029.0,970.1
2026-03-29 22:00:00+00:00,-285.3,1020.7,735.4
2026-03-29 23:00:00+00:00,-494.4,1019.6,525.2
2026-03-30 00:00:00+00:00,-533.3,1029.7,496.5
2026-03-30 01:00:00+00:00,-426.4,1019.9,593.5
2026-03-30 02:00:00+00:00,-365.8,1029.6,663.7
2026-03-30 03:00:00+00:00,282.5,1029.0,1311.5
2026-03-30 04:00:00+00:00,311.4,1028.1,1339.6
2026-03-30 05:00:00+00:00,650.7,1020.3,1671.0
2026-03-30 06:00:00+00:00,781.7,988.5,1770.2
2026-03-30 07:00:00+00:00,762.0,901.4,1663.4
2026-03-30 08:00:00+00:00,841.4,638.2,1479.6
2026-03-30 09:00:00+00:00,873.2,402.8,1276.0
2026-03-30 10:00:00+00:00,1047.2,221.1,1268.3
2026-03-30 11:00:00+00:00,1156.9,226.9,1383.8
2026-03-30 12:00:00+00:00,1060.5,349.7,1410.1
2026-03-30 13:00:00+00:00,873.5,794.5,1668.0
2026-03-30 14:00:00+00:00,1004.2,917.1,1921.2
2026-03-30 15:00:00+00:00,905.9,1027.1,1933.0
2026-03-30 16:00:00+00:00,579.9,1024.3,1604.3
2026-03-30 17:00:00+00:00,385.9,1027.9,1413.8
2026-03-30 18:00:00+00:00,-37.1,1027.3,990.2
2026-03-30 19:00:00+00:00,204.8,1029.5,1234.3
2026-03-30 20:00:00+00:00,-120.2,1026.9,906.6
2026-03-30 21:00:00+00:00,-574.9,1028.4,453.5
2026-03-30 22:00:00+00:00,-80.5,1021.5,941.0
2026-03-30 23:00:00+00:00,19.1,1027.0,1046.1
2026-03-31 00:00:00+00:00,-47.4,1029.6,982.2
2026-03-31 01:00:00+00:00,119.2,1013.3,1132.5
2026-03-31 02:00:00+00:00,340.1,1022.3,1362.4
2026-03-31 03:00:00+00:00,617.1,1024.7,1641.8
2026-03-31 04:00:00+00:00,855.6,1028.5,1884.2
2026-03-31 05:00:00+00:00,1247.3,1027.1,2274.4
2026-03-31 06:00:00+00:00,1433.5,1026.4,2459.9
2026-03-31 07:00:00+00:00,1671.3,1010.9,2682.2
2026-03-31 08:00:00+00:00,1774.7,980.2,2754.9
2026-03-31 09:00:00+00:00,2049.0,790.7,2839.7
2026-03-31 10:00:00+00:00,1975.4,669.4,2644.8
2026-03-31 11:00:00+00:00,2108.0,566.5,2674.5
2026-03-31 12:00:00+00:00,2353.5,653.8,3007.3
2026-03-31 13:00:00+00:00,2043.9,620.2,2664.0
2026-03-31 14:00:00+00:00,1951.5,907.7,2859.2
2026-03-31 15:00:00+00:00,1960.4,955.9,2916.3
2026-03-31 16:00:00+00:00,1756.0,992.0,2748.1
2026-03-31 17:00:00+00:00,1661.2,1017.4,2678.6
2026-03-31 18:00:00+00:00,1329.2,1021.5,2350.7
2026-03-31 19:00:00+00:00,1763.2,1029.6,2792.8
2026-03-31 20:00:00+00:00,1516.7,1027.5,2544.2
2026-03-31 21:00:00+00:00,1733.4,1028.6,2762.0
2026-03-31 22:00:00+00:00,1834.2,980.7,2814.8
2026-03-31 23:00:00+00:00,1964.2,1029.4,2993.6
